<?xml version="1.0" encoding="UTF-8"?><artifacts>
    <artifact name="bpe-bankingengine-utilities-response-handler-seq" groupId="com.cestasoft.bankingengine.sequence" version="1.0.0" type="synapse/sequence" serverRole="EnterpriseServiceBus">
        <file>src/main/synapse-config/sequences/bpe-bankingengine-utilities-response-handler-seq.xml</file>
    </artifact>
    <artifact name="bpe-bankingengine-utilities-data-service-handler-tmpl" groupId="com.cestasoft.bankingengine.template" version="1.0.0" type="synapse/sequenceTemplate" serverRole="EnterpriseServiceBus">
        <file>src/main/synapse-config/templates/bpe-bankingengine-utilities-data-service-handler-tmpl.xml</file>
    </artifact>
    <artifact name="bpe-bankingengine-utilities-inbound" groupId="com.cestasoft.bankingengine.inbound-endpoint" version="1.0.0" type="synapse/inbound-endpoint" serverRole="EnterpriseServiceBus">
        <file>src/main/synapse-config/inbound-endpoints/bpe-bankingengine-utilities-inbound.xml</file>
    </artifact>
    <artifact name="bpe-bankingengine-utilities-get-token-seq" groupId="com.cestasoft.bankingengine.sequence" version="1.0.0" type="synapse/sequence" serverRole="EnterpriseServiceBus">
        <file>src/main/synapse-config/sequences/bpe-bankingengine-utilities-get-token-seq.xml</file>
    </artifact>
    <artifact name="bpe-bankingengine-utilities-api" groupId="com.cestasoft.bankingengine.api" version="1.0.0" type="synapse/api" serverRole="EnterpriseServiceBus">
        <file>src/main/synapse-config/api/bpe-bankingengine-utilities-api.xml</file>
    </artifact>
    <artifact name="bpe-bankingengine-utilities-vend-prepaid-sts-token-seq" groupId="com.cestasoft.bankingengine.sequence" version="1.0.0" type="synapse/sequence" serverRole="EnterpriseServiceBus">
        <file>src/main/synapse-config/sequences/bpe-bankingengine-utilities-vend-prepaid-sts-token-seq.xml</file>
    </artifact>
    <artifact name="bpe-bankingengine-utilities-calculate-payment-seq" groupId="com.cestasoft.bankingengine.sequence" version="1.0.0" type="synapse/sequence" serverRole="EnterpriseServiceBus">
        <file>src/main/synapse-config/sequences/bpe-bankingengine-utilities-calculate-payment-seq.xml</file>
    </artifact>
    <artifact name="bpe-bankingengine-utilities-apply-payment-seq" groupId="com.cestasoft.bankingengine.sequence" version="1.0.0" type="synapse/sequence" serverRole="EnterpriseServiceBus">
        <file>src/main/synapse-config/sequences/bpe-bankingengine-utilities-apply-payment-seq.xml</file>
    </artifact>
    <artifact name="bpe-bankingengine-utilities-get-sts-token-seq" groupId="com.cestasoft.bankingengine.sequence" version="1.0.0" type="synapse/sequence" serverRole="EnterpriseServiceBus">
        <file>src/main/synapse-config/sequences/bpe-bankingengine-utilities-get-sts-token-seq.xml</file>
    </artifact>
    <artifact name="bpe-bankingengine-utilities-vend-in-flow-seq" groupId="com.cestasoft.bankingengine.sequence" version="1.0.0" type="synapse/sequence" serverRole="EnterpriseServiceBus">
        <file>src/main/synapse-config/sequences/bpe-bankingengine-utilities-vend-in-flow-seq.xml</file>
    </artifact>
    <artifact name="bpe-bankingengine-utilities-get-account-balance-seq" groupId="com.cestasoft.bankingengine.sequence" version="1.0.0" type="synapse/sequence" serverRole="EnterpriseServiceBus">
        <file>src/main/synapse-config/sequences/bpe-bankingengine-utilities-get-account-balance-seq.xml</file>
    </artifact>
    <artifact name="bpe-bankingengine-utilities-postpaid-get-account-balance-seq" groupId="com.cestasoft.bankingengine.sequence" version="1.0.0" type="synapse/sequence" serverRole="EnterpriseServiceBus">
        <file>src/main/synapse-config/sequences/bpe-bankingengine-utilities-postpaid-get-account-balance-seq.xml</file>
    </artifact>
    <artifact name="bpe-bankingengine-utilities-postpaid-make-payment-seq" groupId="com.cestasoft.bankingengine.sequence" version="1.0.0" type="synapse/sequence" serverRole="EnterpriseServiceBus">
        <file>src/main/synapse-config/sequences/bpe-bankingengine-utilities-postpaid-make-payment-seq.xml</file>
    </artifact>
    <artifact name="bpe-bankingengine-utilities-vend-postpaid-in-flow-seq" groupId="com.cestasoft.bankingengine.sequence" version="1.0.0" type="synapse/sequence" serverRole="EnterpriseServiceBus">
        <file>src/main/synapse-config/sequences/bpe-bankingengine-utilities-vend-postpaid-in-flow-seq.xml</file>
    </artifact>
    <artifact name="bpe-bankingengine-utilities-vend-postpaid-sts-token-seq" groupId="com.cestasoft.bankingengine.sequence" version="1.0.0" type="synapse/sequence" serverRole="EnterpriseServiceBus">
        <file>src/main/synapse-config/sequences/bpe-bankingengine-utilities-vend-postpaid-sts-token-seq.xml</file>
    </artifact>
    <artifact name="bpe-bankingengine-utilities-customer-search-seq" groupId="com.cestasoft.bankingengine.sequence" version="1.0.0" type="synapse/sequence" serverRole="EnterpriseServiceBus">
        <file>src/main/synapse-config/sequences/bpe-bankingengine-utilities-customer-search-seq.xml</file>
    </artifact>
    <artifact name="bpe-bankingengine-utilities-vend-process-request-seq" groupId="com.cestasoft.bankingengine.sequence" version="1.0.0" type="synapse/sequence" serverRole="EnterpriseServiceBus">
        <file>src/main/synapse-config/sequences/bpe-bankingengine-utilities-vend-process-request-seq.xml</file>
    </artifact>
    <artifact name="bpe-bankingengine-utilities-validate-credentials-seq" groupId="com.cestasoft.bankingengine.sequence" version="1.0.0" type="synapse/sequence" serverRole="EnterpriseServiceBus">
        <file>src/main/synapse-config/sequences/bpe-bankingengine-utilities-validate-credentials-seq.xml</file>
    </artifact>
    <artifact name="bpe-bankingengine-utilities-success-response-handler-seq" groupId="com.cestasoft.bankingengine.sequence" version="1.0.0" type="synapse/sequence" serverRole="EnterpriseServiceBus">
        <file>src/main/synapse-config/sequences/bpe-bankingengine-utilities-success-response-handler-seq.xml</file>
    </artifact>
    <artifact name="bpe-bankingengine-utilities-process-error-handler-seq" groupId="com.cestasoft.bankingengine.sequence" version="1.0.0" type="synapse/sequence" serverRole="EnterpriseServiceBus">
        <file>src/main/synapse-config/sequences/bpe-bankingengine-utilities-process-error-handler-seq.xml</file>
    </artifact>
    <artifact name="bpe-bankingengine-utilities-vend-forgotpw-in-flow-seq" groupId="com.cestasoft.bankingengine.sequence" version="1.0.0" type="synapse/sequence" serverRole="EnterpriseServiceBus">
        <file>src/main/synapse-config/sequences/bpe-bankingengine-utilities-vend-forgotpw-in-flow-seq.xml</file>
    </artifact>
    <artifact name="bpe-bankingengine-utilities-vend-changepw-in-flow-seq" groupId="com.cestasoft.bankingengine.sequence" version="1.0.0" type="synapse/sequence" serverRole="EnterpriseServiceBus">
        <file>src/main/synapse-config/sequences/bpe-bankingengine-utilities-vend-changepw-in-flow-seq.xml</file>
    </artifact>
    <artifact name="bpe-bankingengine-utilities-vend-fault-retry-seq" groupId="com.cestasoft.bankingengine.sequence" version="1.0.0" type="synapse/sequence" serverRole="EnterpriseServiceBus">
        <file>src/main/synapse-config/sequences/bpe-bankingengine-utilities-vend-fault-retry-seq.xml</file>
    </artifact>
    <artifact name="bpe-bankingengine-utilities-shift-enquiries-in-flow-seq" groupId="com.cestasoft.bankingengine.sequence" version="1.0.0" type="synapse/sequence" serverRole="EnterpriseServiceBus">
        <file>src/main/synapse-config/sequences/bpe-bankingengine-utilities-shift-enquiries-in-flow-seq.xml</file>
    </artifact>
    <artifact name="bpe-bankingengine-utilities-shift-enquiries-process-seq" groupId="com.cestasoft.bankingengine.sequence" version="1.0.0" type="synapse/sequence" serverRole="EnterpriseServiceBus">
        <file>src/main/synapse-config/sequences/bpe-bankingengine-utilities-shift-enquiries-process-seq.xml</file>
    </artifact>
    <artifact name="bpe-bankingengine-utilities-get-completed-transaction-seq" groupId="com.cestasoft.bankingengine.sequence" version="1.0.0" type="synapse/sequence" serverRole="EnterpriseServiceBus">
        <file>src/main/synapse-config/sequences/bpe-bankingengine-utilities-get-completed-transaction-seq.xml</file>
    </artifact>
    <artifact name="bpe-bankingengine-utilities-get-transaction-status-seq" groupId="com.cestasoft.bankingengine.sequence" version="1.0.0" type="synapse/sequence" serverRole="EnterpriseServiceBus">
        <file>src/main/synapse-config/sequences/bpe-bankingengine-utilities-get-transaction-status-seq.xml</file>
    </artifact>
    <artifact name="bpe-bankingengine-utilities-retry-timeout-task" groupId="za.co.sabs.antech.integration.task" version="1.0.0" type="synapse/task" serverRole="EnterpriseServiceBus">
        <file>src/main/synapse-config/tasks/bpe-bankingengine-utilities-retry-timeout-task.xml</file>
    </artifact>
    <artifact name="bpe-bankingengine-utilities-vend-timeout-retry-seq" groupId="com.cestasoft.bankingengine.sequence" version="1.0.0" type="synapse/sequence" serverRole="EnterpriseServiceBus">
        <file>src/main/synapse-config/sequences/bpe-bankingengine-utilities-vend-timeout-retry-seq.xml</file>
    </artifact>
    <artifact name="bpe-bankingengine-utilities-send-sms-to-user-seq" groupId="com.cestasoft.bankingengine.sequence" version="1.0.0" type="synapse/sequence" serverRole="EnterpriseServiceBus">
        <file>src/main/synapse-config/sequences/bpe-bankingengine-utilities-send-sms-to-user-seq.xml</file>
    </artifact>
    <artifact name="bpe-bankingengine-utilities-get-transactions-in-flow-seq" groupId="com.cestasoft.bankingengine.sequence" version="1.0.0" type="synapse/sequence" serverRole="EnterpriseServiceBus">
        <file>src/main/synapse-config/sequences/bpe-bankingengine-utilities-get-transactions-in-flow-seq.xml</file>
    </artifact>
</artifacts>
