<?xml version="1.0" encoding="UTF-8"?>
<sequence name="bpe-bankingengine-utilities-vend-prepaid-sts-token-seq" onError="gov:/com/cestasoft/bankingengine/esb/services/bpe-bankingengine-utilities/v1/sequences/bpe-bankingengine-utilities-fault-seq.xml" trace="disable" xmlns="http://ws.apache.org/ns/synapse">
    <log level="custom">
        <property expression="$body/*" name="bpe-bankingengine-utilities-vend-prepaid-sts-token-seq"/>
    </log>
    <enrich description="Save Uganda Umeme Billpay incomingPayload">
        <source clone="false" type="body"/>
        <target property="incomingPayload" type="property"/>
    </enrich>
    <sequence key="bpe-bankingengine-utilities-calculate-payment-seq"/>
    <sequence key="bpe-bankingengine-utilities-apply-payment-seq"/>
    <sequence key="bpe-bankingengine-utilities-get-sts-token-seq"/>
</sequence>
