<?xml version="1.0" encoding="UTF-8"?>
<sequence name="bpe-bankingengine-utilities-get-account-balance-seq" trace="disable" xmlns="http://ws.apache.org/ns/synapse">
    <log level="custom">
        <property name="bpe-bankingengine-utilities-get-account-balance-seq" value="Postpaid Get Account Balance sequence started"/>
    </log>
    <property expression="json-eval($.meterSerial)" name="meterSerial" scope="default" type="STRING"/>
    <property expression="json-eval($.totalPayment)" name="totalPayment" scope="default" type="STRING"/>
    <property expression="json-eval($.debtPayment)" name="debtPayment" scope="default" type="STRING"/>
    <property expression="json-eval($.phoneNumber)" name="phoneNumber" scope="default" type="STRING"/>
    <property name="HTTP_METHOD" scope="axis2" type="STRING" value="GET"/>
    <property action="remove" name="REST_URL_POSTFIX" scope="axis2"/>
    <property name="DISABLE_CHUNKING" scope="axis2" type="STRING" value="true"/>
    <property expression="fn:concat($ctx:umemeBaseUrl, '/venPayment/1.0.1/?meterSerial=', $ctx:meterSerial, '&amp;totalPayment=', $ctx:totalPayment, '&amp;debtPayment=',$ctx:debtPayment, '&amp;phoneNumber=',$ctx:phoneNumber)" name="uri.var.umemeBillpayUrl" scope="default" type="STRING"/>
    <header expression="fn:concat($ctx:vendorId, '#', $ctx:username)" name="X-Incms-Origin-D" scope="transport"/>
    <header expression="fn:concat('Bearer ', $ctx:accessToken)" name="Authorization" scope="transport"/>
    <call>
        <endpoint>
            <http uri-template="{uri.var.umemeBillpayUrl}">
                <timeout>
                    <duration>120000</duration>
                    <responseAction>fault</responseAction>
                </timeout>
                <suspendOnFailure>
                    <errorCodes>-1</errorCodes>
                    <initialDuration>0</initialDuration>
                    <progressionFactor>1.0</progressionFactor>
                    <maximumDuration>0</maximumDuration>
                </suspendOnFailure>
                <markForSuspension>
                    <errorCodes>-1</errorCodes>
                    <retriesBeforeSuspension>0</retriesBeforeSuspension>
                </markForSuspension>
            </http>
        </endpoint>
    </call>
    <property name="ContentType" scope="axis2" type="STRING" value="application/json"/>
    <property name="messageType" scope="axis2" type="STRING" value="application/json"/>
    
    <sequence key="bpe-bankingengine-utilities-response-handler-seq"/>

    <property expression="json-eval($.account)" name="account" scope="default" type="STRING"/>
    <property expression="json-eval($.tariffDescription)" name="tariffDescription" scope="default" type="STRING"/>
    <property expression="json-eval($.percentageDebt)" name="percentageDebt" scope="default" type="STRING"/>
    <property expression="json-eval($.accountBalance)" name="accountBalance" scope="default" type="STRING"/>
    <property expression="json-eval($.unitsPayment)" name="unitsPayment" scope="default" type="STRING"/>
    <property expression="json-eval($.units)" name="units" scope="default" type="STRING"/>
    <property expression="json-eval($.unitsType)" name="unitsType" scope="default" type="STRING"/>
    <property expression="json-eval($.percentageDebt)" name="percentageDebt" scope="default" type="STRING"/>

    <log level="custom">
        <property name="bpe-bankingengine-utilities-get-account-balance-seq" value="Postpaid Get Account Balance sequence completed"/>
    </log>
</sequence>
