<?xml version="1.0" encoding="UTF-8"?>
<sequence name="bpe-bankingengine-utilities-success-response-handler-seq" trace="disable" xmlns="http://ws.apache.org/ns/synapse">
    <log level="custom">
        <property name="bpe-bankingengine-utilities-success-response-handler-seq" value="Response handler sequence started" scope="default" type="STRING"/>
    </log>

    <!-- from json, get the fields from a response in this manner: {data: [{"balance": "50.14", "meterNumber":"14353074561"}]} -->
    <property expression="json-eval($.data[0].oucAccount)" name="oucAccount" scope="default" type="STRING"/>
    <property expression="json-eval($.data[0].customerName)" name="customerName" scope="default" type="STRING"/>
    <property expression="json-eval($.data[0].meterNumber)" name="meterNumber" scope="default" type="STRING"/>
    <property expression="json-eval($.data[0].balance)" name="balance" scope="default" type="STRING"/>
    <property expression="json-eval($.data[0].type)" name="type" scope="default" type="STRING"/>

    <filter regex="NEWCONNECTION" source="$ctx:customerType">
        <then>
            <property expression="$ctx:oucAccount" name="customerRef" scope="default" type="STRING"/>
        </then>
        <else/>
    </filter>

    <payloadFactory media-type="json">
        <format>
            {
                "statusCode": "200",
                "statusMessage": "success",
                "data": {
                    "customerReference": "$1",
                    "customerName": "$2",
                    "customerType": "$3",
                    "balance": "$4",
                    "statusCode": "$5",
                    "statusDescription": "$6",
                    "credit": "$7"
                }
            }
        </format>
        <args>
            <arg evaluator="xml" expression="$ctx:customerRef"/>
            <arg evaluator="xml" expression="$ctx:customerName"/>
            <arg evaluator="xml" expression="$ctx:customerType"/>
            <arg evaluator="xml" expression="$ctx:balance"/>
            <arg evaluator="xml" value="0"/>
            <arg evaluator="xml" value="SUCCESS"/>
            <arg evaluator="xml" value="0"/>
        </args>
    </payloadFactory>
</sequence>