<?xml version="1.0" encoding="UTF-8"?>
<sequence name="bpe-bankingengine-utilities-postpaid-get-account-balance-seq" trace="disable" xmlns="http://ws.apache.org/ns/synapse">
    <log level="full">
        <property name="bpe-bankingengine-utilities-postpaid-get-account-balance-seq" value="Post Paid Account Balance Sequence Started"/>
    </log>
    <property name="HTTP_METHOD" scope="axis2" type="STRING" value="GET"/>
    <property action="remove" name="REST_URL_POSTFIX" scope="axis2"/>
    <property name="DISABLE_CHUNKING" scope="axis2" type="STRING" value="true"/>
    <property expression="fn:concat($ctx:umemeBaseUrl, '/payments/1.0.1/', $ctx:accountNumber, '/balance')" name="uri.var.umemeBillpayUrl" scope="default" type="STRING"/>
    <header expression="$ctx:umemeCollectionCenter" name="X-Incms-Origin-D" scope="transport"/>
    <header expression="fn:concat('Bearer ', $ctx:accessToken)" name="Authorization" scope="transport"/>
    <call>
        <endpoint>
            <http uri-template="{uri.var.umemeBillpayUrl}">
                <timeout>
                    <duration>120000</duration>
                    <responseAction>fault</responseAction>
                </timeout>
                <suspendOnFailure>
                    <errorCodes>-1</errorCodes>
                    <initialDuration>0</initialDuration>
                    <progressionFactor>1.0</progressionFactor>
                    <maximumDuration>0</maximumDuration>
                </suspendOnFailure>
                <markForSuspension>
                    <errorCodes>-1</errorCodes>
                    <retriesBeforeSuspension>0</retriesBeforeSuspension>
                </markForSuspension>
            </http>
        </endpoint>
    </call>
    
    <filter regex="200" source="$axis2:HTTP_SC">
        <then>
            <property name="ContentType" scope="axis2" type="STRING" value="application/json"/>
            <property name="messageType" scope="axis2" type="STRING" value="application/json"/>
            <property expression="json-eval($.data.lastBillAmount)" name="lastBillAmount" scope="default" type="STRING"/>
            <property expression="json-eval($.data.accountReference)" name="accountReference" scope="default" type="STRING"/>
            <property expression="json-eval($.data.lastBillDueDate)" name="lastBillDueDate" scope="default" type="STRING"/>
            <property expression="json-eval($.data.currencyIsoCode)" name="currencyIsoCode" scope="default" type="STRING"/>
            <property expression="json-eval($.data.accountBalance)" name="accountBalance" scope="default" type="STRING"/>
            <property expression="json-eval($.data.currencyId)" name="currencyId" scope="default" type="STRING"/>
            <property expression="json-eval($.data.paymentFormId)" name="paymentFormId" scope="default" type="STRING"/>
            <property expression="json-eval($.data.customerName)" name="customerName" scope="default" type="STRING"/>
        </then>
        <else>
            <log level="full">
                <property name="bpe-bankingengine-utilities-postpaid-get-account-balance-seq" value="failed to get payment account balance "/>
            </log>
            <sequence key="gov:/com/cestasoft/bankingengine/esb/services/bpe-bankingengine-utilities/v1/sequences/bpe-bankingengine-utilities-fault-seq.xml"/>
            <!-- <respond/> -->
        </else>
    </filter>
    <log level="custom">
        <property name="bpe-bankingengine-utilities-postpaid-get-account-balance-seq" value="Postpaid Get Account Balance sequence completed"/>
    </log>
</sequence>
