<?xml version="1.0" encoding="UTF-8"?>
<sequence name="bpe-bankingengine-utilities-vend-forgotpw-in-flow-seq" onError="gov:/com/cestasoft/bankingengine/esb/services/bpe-bankingengine-utilities/v1/sequences/bpe-bankingengine-utilities-fault-seq.xml" trace="disable" xmlns="http://ws.apache.org/ns/synapse">
    <log level="custom">
        <property name="bpe-bankingengine-utilities-vend-forgotpw-in-flow-seq" value="Forgot password sequence started"/>
    </log>
    <enrich description="Save Uganda Umeme Billpay incomingPayload">
        <source clone="false" type="body"/>
        <target property="incomingPayload" type="property"/>
    </enrich>
    <sequence key="gov:/com/cestasoft/bankingengine/esb/services/bpe-bankingengine-utilities/v1/sequences/bpe-bankingengine-utilities-init-seq.xml"/>
    <property name="scope" scope="default" type="STRING" value="token_public"/>
    <payloadFactory media-type="xml">
        <format>
            <soapenv:Envelope xmlns:soapenv="http://schemas.xmlsoap.org/soap/envelope/">
                <soapenv:Body>
                    <root xmlns="">
                        <grant_type>client_credentials</grant_type>
                        <scope>token_public</scope>
                    </root>
                </soapenv:Body>
            </soapenv:Envelope>
        </format>
        <args/>
    </payloadFactory>
    <property name="forgotPwToken" scope="default" type="STRING" value="RXlTQmlYdW9oUkwwSlNBdUdmaG9ESXc4UEVrYTptRWZEOUNSWnF3M244NGNvV3hjY0ZiU1VFaXNh"/>
    <header expression="fn:concat('Basic ', $ctx:forgotPwToken)" name="Authorization" scope="transport"/>
    <property expression="get-property('SYSTEM_TIME')" name="requestId" scope="default" type="STRING"/>
    <property expression="fn:concat($ctx:umemeBaseUrl, '/token')" name="uri.var.umemeBillpayUrl" scope="default" type="STRING"/>
    <property name="HTTP_METHOD" scope="axis2" type="STRING" value="POST"/>
    <property action="remove" name="REST_URL_POSTFIX" scope="axis2"/>
    <property name="DISABLE_CHUNKING" scope="axis2" type="STRING" value="true"/>
    <property name="messageType" scope="axis2" type="STRING" value="application/x-www-form-urlencoded"/>
    <property name="ContentType" scope="axis2" type="STRING" value="application/x-www-form-urlencoded"/>
    <call>
        <endpoint>
            <http uri-template="{uri.var.umemeBillpayUrl}">
                <timeout>
                    <duration>120000</duration>
                    <responseAction>fault</responseAction>
                </timeout>
                <suspendOnFailure>
                    <errorCodes>-1</errorCodes>
                    <initialDuration>0</initialDuration>
                    <progressionFactor>1.0</progressionFactor>
                    <maximumDuration>0</maximumDuration>
                </suspendOnFailure>
                <markForSuspension>
                    <errorCodes>-1</errorCodes>
                    <retriesBeforeSuspension>0</retriesBeforeSuspension>
                </markForSuspension>
            </http>
        </endpoint>
    </call>
    <property name="ContentType" scope="axis2" type="STRING" value="application/json"/>
    <property name="messageType" scope="axis2" type="STRING" value="application/json"/>
    <property name="RESPONSE" scope="default" type="STRING" value="true"/>
    <property expression="json-eval($.access_token)" name="accessToken" scope="default" type="STRING"/>
    <property name="HTTP_METHOD" scope="axis2" type="STRING" value="POST"/>
    <property action="remove" name="REST_URL_POSTFIX" scope="axis2"/>
    <property name="DISABLE_CHUNKING" scope="axis2" type="STRING" value="true"/>
    <property expression="fn:concat($ctx:umemeBaseUrl, '/venLogin/1.0.1/')" name="uri.var.umemeBillpayUrl" scope="default" type="STRING"/>
    <property name="ContentType" scope="axis2" type="STRING" value="application/json"/>
    <header name="X-Incms-Origin-D" scope="transport" value="null#null"/>
    <header name="X-Incms-Tenant" scope="transport" value="umeme.co.ug"/>
    <header expression="fn:concat('Bearer ', $ctx:accessToken)" name="Authorization" scope="transport"/>
    <payloadFactory media-type="json">
        <format>
        {
            "idVendor": "$1",
            "codUser": "$2",
            "codLanguage": "$3"
        }
        </format>
        <args>
            <arg evaluator="xml" expression="$ctx:vendorId"/>
            <arg evaluator="xml" expression="$ctx:username"/>
            <arg value="en"/>
        </args>
    </payloadFactory>
    <call>
        <endpoint>
            <http uri-template="{uri.var.umemeBillpayUrl}">
                <timeout>
                    <duration>120000</duration>
                    <responseAction>fault</responseAction>
                </timeout>
                <suspendOnFailure>
                    <errorCodes>-1</errorCodes>
                    <initialDuration>0</initialDuration>
                    <progressionFactor>1.0</progressionFactor>
                    <maximumDuration>0</maximumDuration>
                </suspendOnFailure>
                <markForSuspension>
                    <errorCodes>-1</errorCodes>
                    <retriesBeforeSuspension>0</retriesBeforeSuspension>
                </markForSuspension>
            </http>
        </endpoint>
    </call>
    <property name="ContentType" scope="axis2" type="STRING" value="application/json"/>
    <property name="messageType" scope="axis2" type="STRING" value="application/json"/>
    <log level="full">
        <property name="bpe-bankingengine-utilities-vend-forgotpw-in-flow-seq" value="Forgot password sequence completed"/>
    </log>
    <respond/>
</sequence>
