<?xml version="1.0" encoding="UTF-8"?>
<sequence name="bpe-bankingengine-utilities-send-sms-to-user-seq" xmlns="http://ws.apache.org/ns/synapse">
    <log level="custom">
        <property name="bpe-bankingengine-utilities-send-sms-to-user-seq" value="Send sms to user sequence started"/>
    </log>

    <!-- Umeme Payment Successful for Customer ref:14372286592 amount 80000. Units: 92.4 Transaction ID:17287603158375-02 Token number: 44566846446009280495. For Enquiries Call 0800222333,+256312218348 -->
    <property name="message" expression="fn:concat('Umeme Payment Successful for Customer ref:', $ctx:meterSerial, ' amount ', $ctx:amount, ' Units: ', $ctx:units, 'Transaction ID: ', $ctx:transactionReference, ' Token number: ', $ctx:commaSeparatedList, '. For Enquiries Call 0800222333,+256312218348')" />

    <!-- GET TOKEN FROM OUTBOUND -->
    <payloadFactory media-type="json">
        <format>
            {
                "username": "$1",
                "password": "$2",
                "tenant": "$3"
            }
        </format>
        <args>
            <arg evaluator="xml" expression="$ctx:outboundUsername"/>
            <arg evaluator="xml" expression="$ctx:outboundPassword"/>
            <arg evaluator="xml" expression="$ctx:outboundTenant"/>
        </args>
    </payloadFactory>

    <property expression="fn:concat($ctx:outboundBaseUrl, '/api/v1/manage/auth/login')" name="uri.var.outboundAuthUrl" scope="default" type="STRING"/>
    <property name="HTTP_METHOD" scope="axis2" type="STRING" value="POST"/>
    <property action="remove" name="REST_URL_POSTFIX" scope="axis2"/>
    <property name="DISABLE_CHUNKING" scope="axis2" type="STRING" value="true"/>
    <property name="messageType" scope="axis2" type="STRING" value="application/json"/>
    <property name="ContentType" scope="axis2" type="STRING" value="application/json"/>
    
    <call>
        <endpoint>
            <http uri-template="{uri.var.outboundAuthUrl}">
                <timeout>
                    <duration>120000</duration>
                    <responseAction>fault</responseAction>
                </timeout>
                <suspendOnFailure>
                    <errorCodes>-1</errorCodes>
                    <initialDuration>0</initialDuration>
                    <progressionFactor>1.0</progressionFactor>
                    <maximumDuration>0</maximumDuration>
                </suspendOnFailure>
                <markForSuspension>
                    <errorCodes>-1</errorCodes>
                    <retriesBeforeSuspension>0</retriesBeforeSuspension>
                </markForSuspension>
            </http>
        </endpoint>
    </call>
    <property name="ContentType" scope="axis2" type="STRING" value="application/json"/>
    <property name="messageType" scope="axis2" type="STRING" value="application/json"/>
    <property expression="json-eval($.token)" name="accessToken" scope="default" type="STRING"/>

    <!-- SEND SMS TO USER -->
    <payloadFactory media-type="json">
        <format>
            {
                "recipient": "$1",
                "reference": "$2",
                "value": "$3",
                "secure": false
            }
        </format>
        <args>
            <arg evaluator="xml" expression="$ctx:phoneNumber"/>
            <arg evaluator="xml" expression="$ctx:transactionReference"/>
            <arg evaluator="xml" expression="$ctx:message"/>
        </args>
    </payloadFactory>
    
    <property name="HTTP_METHOD" scope="axis2" type="STRING" value="POST"/>
    <property action="remove" name="REST_URL_POSTFIX" scope="axis2"/>
    <property name="DISABLE_CHUNKING" scope="axis2" type="STRING" value="true"/>
    <header name="Authorization" scope="transport" expression="fn:concat('Bearer ', $ctx:accessToken)"/>
    <property expression="fn:concat($ctx:outboundBaseUrl, '/api/v1/sms/dispatch/message')" name="uri.var.bulkSmsDispatchUrl" scope="default" type="STRING"/>
    <call>
        <endpoint>
            <http uri-template="{uri.var.bulkSmsDispatchUrl}">
                <timeout>
                    <duration>120000</duration>
                    <responseAction>fault</responseAction>
                </timeout>
                <suspendOnFailure>
                    <errorCodes>-1</errorCodes>
                    <initialDuration>0</initialDuration>
                    <progressionFactor>1.0</progressionFactor>
                    <maximumDuration>0</maximumDuration>
                </suspendOnFailure>
                <markForSuspension>
                    <errorCodes>-1</errorCodes>
                    <retriesBeforeSuspension>0</retriesBeforeSuspension>
                </markForSuspension>
            </http>
        </endpoint>
    </call>
</sequence>