<?xml version="1.0" encoding="UTF-8"?>
<sequence name="bpe-bankingengine-utilities-vend-postpaid-sts-token-seq" onError="gov:/com/cestasoft/bankingengine/esb/services/bpe-bankingengine-utilities/v1/sequences/bpe-bankingengine-utilities-fault-seq.xml" trace="disable" xmlns="http://ws.apache.org/ns/synapse">
    <log level="custom">
        <property expression="$body/*" name="bpe-bankingengine-utilities-vend-postpaid-sts-token-seq"/>
    </log>
    <enrich description="Save Uganda Umeme Billpay POSTPAID incomingPayload">
        <source clone="false" type="body"/>
        <target property="incomingPayload" type="property"/>
    </enrich>
    <sequence key="bpe-bankingengine-utilities-postpaid-get-account-balance-seq"/>
    <sequence key="bpe-bankingengine-utilities-postpaid-make-payment-seq"/>
    <respond/>
</sequence>
