<?xml version="1.0" encoding="UTF-8"?>
<sequence name="bpe-bankingengine-utilities-vend-in-flow-seq" trace="disable" xmlns="http://ws.apache.org/ns/synapse">
    <log level="custom">
        <property name="bpe-bankingengine-utilities-vend-prepaid-in-flow-seq" value="bpe-bankingengine-utilities vend in flow seq started"/>
    </log>
    <enrich>
        <source clone="false" type="body"/>
        <target action="replace" property="incomingPayload" type="property"/>
    </enrich>
    <filter xpath="$trp:x-country!=''">
        <then>
            <property expression="fn:lower-case($trp:x-country)" name="country" scope="default" type="STRING"/>
        </then>
        <else>
            <property expression="fn:lower-case($url:country)" name="country" scope="default" type="STRING"/>
        </else>
    </filter>
    <sequence key="gov:/com/cestasoft/bankingengine/esb/services/bpe-bankingengine-utilities/v1/sequences/bpe-bankingengine-utilities-init-seq.xml"/>
    <sequence key="bpe-bankingengine-utilities-vend-process-request-seq"/>
</sequence>