<?xml version="1.0" encoding="UTF-8"?>
<sequence name="bpe-bankingengine-utilities-vend-process-request-seq" onError="gov:/com/cestasoft/bankingengine/esb/services/bpe-bankingengine-utilities/v1/sequences/bpe-bankingengine-utilities-fault-seq.xml" xmlns="http://ws.apache.org/ns/synapse">
    <log level="custom">
        <property expression="$body/*" name="bpe-bankingengine-utilities-vend-process-request-seq"/>
    </log>
    <enrich>
        <source clone="false" type="body"/>
        <target action="replace" property="incomingPayload" type="property"/>
    </enrich>
    <log level="custom">
        <property expression="$body/*" name="bpe-bankingengine-utilities-vend-process-request-seq"/>
    </log>
    <property name="umeme_user_name" scope="default" type="STRING" value="aao_umeme"/>
    <!-- UAT -->
    <property name="umeme_api_key" value="eyJhbGciOiJIUzI1NiIsInR5cCI6IkpXVCJ9.eyJzdWIiOiIwNjExMzEyMDUzIiwibmFtZSI6ImFic2F1Z2FuZGEiLCJpYXQiOjE3MzA5NjY4NDV9.8B6aYY-FYRfqxAGjnHbMfp26DjTRte0lINYkR4cLBYE"/>
    <!-- PROD
    <property name="umeme_api_key" value="eyJ0eXAiOiJKV1QiLCJhbGciOiJIUzI1NiJ9.eyJzdWIiOiJjZXN0YXNvZnQudW1lbWUuYWJzYS5hZnJpY2EiLCJuYW1lIjoiTmd1bmkgUGhha2VsYSIsImFkbWluIjp0cnVlLCJpYXQiOjE3MzM3NDYyNDEsImV4cCI6MzM0MjQwMTQzMn0.mdjIage40BYMrhfMGHeKhy-n0klC002-OFfSe2qn2XM" />
     -->
    <property expression="json-eval($.api_user)" name="api_user" scope="default" type="STRING"/>
    <property expression="json-eval($.api_key)" name="api_key" scope="default" type="STRING"/>
    <filter regex="aao_umeme" source="get-property('api_user')">
        <then>
            <filter source="get-property('api_key')" regex="eyJhbGciOiJIUzI1NiIsInR5cCI6IkpXVCJ9.eyJzdWIiOiIwNjExMzEyMDUzIiwibmFtZSI6ImFic2F1Z2FuZGEiLCJpYXQiOjE3MzA5NjY4NDV9.8B6aYY-FYRfqxAGjnHbMfp26DjTRte0lINYkR4cLBYE">
                <then>
                    <log level="custom">
                        <property name="Validation" value="Credentials are valid"/>
                    </log>
                    <property expression="json-eval($.method)" name="requestMethod" scope="default" type="STRING"/>
                    <log level="custom">
                        <property expression="$ctx:requestMethod" name="requestMethod"/>
                    </log>
                    <switch source="$ctx:requestMethod">
                        <case regex="verify">
                            <property name="customerType" scope="default" type="STRING" value="PREPAID"/>
                            <sequence key="bpe-bankingengine-utilities-get-token-seq"/>
                            <sequence key="bpe-bankingengine-utilities-customer-search-seq"/>
                        </case>
                        <case regex="notify">
                            <property expression="json-eval($.data.customer_type)" name="customerType" scope="default" type="STRING"/>
                            <property expression="json-eval($.data.customer_name)" name="customerName" scope="default" type="STRING"/>
                            <property expression="json-eval($.data.mobile_no)" name="phoneNumber" scope="default" type="STRING"/>
                            <property expression="json-eval($.data.transaction_ref)" name="transactionReference" scope="default" type="STRING"/>
                            <property expression="json-eval($.data.transaction_ref)" name="requestId" scope="default" type="STRING"/>
                            <property expression="json-eval($.data.amount)" name="totalAmount" scope="default" type="STRING"/>
                            <property expression="json-eval($.data.amount)" name="amount" scope="default" type="STRING"/>
                            <property expression="json-eval($.data.customer_ref)" name="meterSerial" scope="default" type="STRING"/>
                            <property expression="json-eval($.data.customer_ref)" name="accountNumber" scope="default" type="STRING"/>
                            <property expression="json-eval($.data.transaction_type)" name="paymentType" scope="default" type="STRING"/>
                            <property expression="json-eval($.data.customer_ref)" name="meterSerial" scope="default" type="STRING"/>
                            <property expression="json-eval($.data.amount)" name="totalPayment" scope="default" type="STRING"/>
                            
                            <log level="custom">
                                <property expression="$ctx:transactionReference" name="transactionReference"/>
                                <property expression="$ctx:requestId" name="requestId" scope="default" type="STRING"/>
                                <property expression="$ctx:phoneNumber" name="phoneNumber" scope="default" type="STRING"/>
                                <property expression="$ctx:customerName" name="customerName" scope="default" type="STRING"/>
                                <property expression="$ctx:customerType" name="customerType" scope="default" type="STRING"/>
                                <property expression="$ctx:totalAmount" name="totalAmount" scope="default" type="STRING"/>
                                <property expression="$ctx:meterSerial" name="meterSerial" scope="default" type="STRING"/>
                                <property expression="$ctx:paymentType" name="paymentType" scope="default" type="STRING"/>
                            </log>
                            <!-- check incoming request and it's transaction status. -->
                            <sequence key="bpe-bankingengine-utilities-get-transaction-status-seq"/>

                            <filter xpath="$ctx:totalTransactions = '0'">
                                <then>
                                    <!-- check first if reference exists in DB and status is completed -->
                                    <property name="RETRY_COUNT" value="0"/>
                                    
                                    <script language="js"><![CDATA[var log = mc.getServiceLog();
                                        var phoneNumber = mc.getProperty('phoneNumber');
                                        var lastPhoneNumberSlice = phoneNumber.slice(1, 10);
                                        var newPhoneNumber = "256" + lastPhoneNumberSlice;
                                        log.info(newPhoneNumber);
                                        mc.setProperty('newPhoneNumber', newPhoneNumber.toString());]]></script>
                                    <log level="custom">
                                        <property expression="$ctx:newPhoneNumber" name="newPhoneNumber"/>
                                    </log>
                                    
                                    <property name="transactionStatus" scope="default" type="STRING" value="INPROGRESS"/>                                    
                                    <!-- Save transaction in DB -->
                                    <call-template target="bpe-bankingengine-utilities-data-service-handler-tmpl">
                                        <with-param name="operation" value="save_transaction"/>
                                    </call-template>

                                    <sequence key="bpe-bankingengine-utilities-get-token-seq"/>
                                    <switch source="get-property('customerType')">
                                        <case regex="PREPAID">
                                            <sequence key="bpe-bankingengine-utilities-calculate-payment-seq"/>
                                            <sequence key="bpe-bankingengine-utilities-apply-payment-seq"/>
                                            <sequence key="bpe-bankingengine-utilities-get-sts-token-seq"/>
                                        </case>
                                        <case regex="POSTPAID|NEWCONNECTION">
                                            <sequence key="bpe-bankingengine-utilities-postpaid-get-account-balance-seq"/>
                                            <sequence key="bpe-bankingengine-utilities-postpaid-make-payment-seq"/>
                                        </case>
                                        <default>
                                            <log level="full">
                                                <property name="ERROR" value="Unsupported operation"/>
                                            </log>
                                        </default>
                                    </switch>
                                </then>
                                <else>
                                    <log level="custom">
                                        <property name="Validation" value="Transaction already exists"/>
                                    </log>

                                    <property name="transactionStatus" scope="default" type="STRING" value="COMPLETED"/>
                                    <!-- check if transaction status is COMPLETED or INPROGRESS -->
                                    <call-template target="bpe-bankingengine-utilities-data-service-handler-tmpl">
                                        <with-param name="operation" value="get_transaction_by_transaction_ref"/>
                                    </call-template>

                                    <property expression="//*[local-name()='transaction_status']" name="transactionStatus" scope="default" type="STRING"/>
                                    <filter source="$ctx:transactionStatus" regex="COMPLETED">
                                        <then>
                                            <!-- Get all the variables from the database and populate response for receipt -->
                                            <property name="customerRef" expression="//*[local-name()='customer_ref']" scope="default" type="STRING"/>
                                            <property name="customerName" expression="//*[local-name()='customer_name']" scope="default" type="STRING"/>
                                            <property name="customerType" expression="//*[local-name()='customer_type']" scope="default" type="STRING"/>
                                            <property name="balance" expression="//*[local-name()='balance']" scope="default" type="STRING"/>
                                            <property name="statusCode" expression="//*[local-name()='status_code']" scope="default" type="STRING"/>
                                            <property name="transactionReference" expression="//*[local-name()='transaction_ref']" scope="default" type="STRING"/>
                                            <property name="receiptNumber" expression="//*[local-name()='receipt_number']" scope="default" type="STRING"/>
                                            <property name="collectionId" expression="//*[local-name()='receipt_number']" scope="default" type="STRING"/>
                                            <property name="debtRecovery" expression="//*[local-name()='debt_recovery']" scope="default" type="STRING"/>
                                            <property name="units" expression="//*[local-name()='units']" scope="default" type="STRING"/>
                                            <property name="remainingCredit" expression="//*[local-name()='remaining_credit']" scope="default" type="STRING"/>
                                            <property name="meterNumber" expression="//*[local-name()='meter_number']" scope="default" type="STRING"/>
                                            <property name="totalAmount" expression="//*[local-name()='total_amount']" scope="default" type="STRING"/>
                                            <property name="vatAmount" expression="//*[local-name()='tax']" scope="default" type="STRING"/>
                                            <!-- <property name="tokenValue" expression="//*[local-name()='token_value']" scope="default" type="STRING"/> -->
                                            <property name="amountTendered" expression="//*[local-name()='amount_tendered']" scope="default" type="STRING"/>
                                            <property name="serviceFee" expression="//*[local-name()='service_fee']" scope="default" type="STRING"/>
                                            <property name="commaSeparatedList" expression="//*[local-name()='prepaid_token']" scope="default" type="STRING"/>
                                            <property name="tariffDescription" expression="//*[local-name()='tariff_description']" scope="default" type="STRING"/>
                                            <property name="accountPay" expression="//*[local-name()='account_pay']" scope="default" type="STRING"/>
                                            <property name="accountSave" expression="//*[local-name()='account_save']" scope="default" type="STRING"/>

                                            <property name="statusCode" value="0" scope="default" type="STRING"/>
                                            <script language="js"><![CDATA[var log = mc.getServiceLog();
                                                var totalAmount = mc.getProperty('totalAmount');
                                                var vatAmount = mc.getProperty('vatAmount');
                                                var debtRecovery = mc.getProperty('debtRecovery');
                                                var serviceFee = mc.getProperty('serviceFee');
                                                
                                                var amountTendered = Number(totalAmount) - Number(vatAmount) - Number(debtRecovery) - Number(serviceFee);
                                                log.info(amountTendered);
                                                var roundedAmount = Math.ceil(parseFloat(amountTendered));
                                                var formattedAmount = roundedAmount.toFixed(2);
                                                log.info("Amount Tendered rounded off: " + amountTendered);

                                                mc.setProperty('amountTendered', formattedAmount);]]></script>
                                            <log level="full">
                                                <property expression="get-property('amountTendered')"
                                                    name="amountTendered" xmlns:ns="http://org.apache.synapse/xsd"/>
                                            </log>
                                            <filter xpath="$ctx:customerType='PREPAID'">
                                                <then>
                                                    <property name="ContentType" scope="axis2" type="STRING" value="application/json"/>
                                                    <property name="messageType" scope="axis2" type="STRING" value="application/json"/>
                                                    <payloadFactory media-type="json">
                                                        <format>
                                                            {
                                                                "statusCode": 200,
                                                                "statusMessage": "success",
                                                                "data": {
                                                                    "accountSaveAmount": "$20",
                                                                    "accountPayAmount": "$21",
                                                                    "debtRecovery": "$10",
                                                                    "tax": "$15",
                                                                    "totalAmount": "$14",
                                                                    "units": "$11",
                                                                    "tokenValue": "$16",
                                                                    "remainingCredit": "$12",
                                                                    "serviceFee": "$17",
                                                                    "meterNumber": "$13",
                                                                    "fX": "",
                                                                    "inflation": "",
                                                                    "prepaidToken": "$18",
                                                                    "receiptNumber": "$9",
                                                                    "lifeLine": "",
                                                                    "fuel": "0",
                                                                    "bankTransactionID": "$8",
                                                                    "tariffDescription": "$19",
                                                                    "statusCode": "$7",
                                                                    "statusDescription": "$6"
                                                                }
                                                            }
                                                        </format>
                                                        <args>
                                                            <arg evaluator="xml" expression="$ctx:customerRef"
                                                                literal="false" xmlns:ns="http://org.apache.synapse/xsd"/>
                                                            <arg evaluator="xml" expression="$ctx:customerName"
                                                                literal="false" xmlns:ns="http://org.apache.synapse/xsd"/>
                                                            <arg evaluator="xml" expression="$ctx:customerType"
                                                                literal="false" xmlns:ns="http://org.apache.synapse/xsd"/>
                                                            <arg evaluator="xml" expression="$ctx:balance"
                                                                literal="false" xmlns:ns="http://org.apache.synapse/xsd"/>
                                                            <arg literal="false" value="0"/>
                                                            <arg literal="false" value="SUCCESS"/>
                                                            <arg evaluator="xml" expression="$ctx:statusCode"
                                                                literal="false" xmlns:ns="http://org.apache.synapse/xsd"/>
                                                            <arg evaluator="xml" expression="$ctx:transactionReference"
                                                                literal="false" xmlns:ns="http://org.apache.synapse/xsd"/>
                                                            <arg evaluator="xml" expression="$ctx:receiptNumber"
                                                                literal="false" xmlns:ns="http://org.apache.synapse/xsd"/>
                                                            <arg evaluator="xml" expression="$ctx:debtRecovery"
                                                                literal="false" xmlns:ns="http://org.apache.synapse/xsd"/>
                                                            <arg evaluator="xml" expression="$ctx:units" literal="false" xmlns:ns="http://org.apache.synapse/xsd"/>
                                                            <arg evaluator="xml" expression="$ctx:remainingCredit"
                                                                literal="false" xmlns:ns="http://org.apache.synapse/xsd"/>
                                                            <arg evaluator="xml" expression="$ctx:meterNumber"
                                                                literal="false" xmlns:ns="http://org.apache.synapse/xsd"/>
                                                            <arg evaluator="xml" expression="$ctx:totalAmount"
                                                                literal="false" xmlns:ns="http://org.apache.synapse/xsd"/>
                                                            <arg evaluator="xml" expression="$ctx:vatAmount"
                                                                literal="false" xmlns:ns="http://org.apache.synapse/xsd"/>
                                                            <!-- <arg evaluator="xml" expression="$ctx:tokenValue"
                                                                literal="false" xmlns:ns="http://org.apache.synapse/xsd"/> -->
                                                            <arg evaluator="xml" expression="$ctx:amountTendered"
                                                                literal="false" xmlns:ns="http://org.apache.synapse/xsd"/>
                                                            <arg evaluator="xml" expression="$ctx:serviceFee"
                                                                literal="false" xmlns:ns="http://org.apache.synapse/xsd"/>
                                                            <arg evaluator="xml" expression="$ctx:commaSeparatedList"
                                                                literal="false" xmlns:ns="http://org.apache.synapse/xsd"/>
                                                            <arg evaluator="xml" expression="$ctx:tariffDescription"
                                                                literal="false" xmlns:ns="http://org.apache.synapse/xsd"/>
                                                            <arg evaluator="xml" expression="$ctx:accountPay"
                                                                literal="false" xmlns:ns="http://org.apache.synapse/xsd"/>
                                                            <arg evaluator="xml" expression="$ctx:accountSave"
                                                                literal="false" xmlns:ns="http://org.apache.synapse/xsd"/>
                                                        </args>
                                                    </payloadFactory>
                                                </then>
                                                <else>
                                                    <payloadFactory media-type="json">
                                                        <format>
                                                            {
                                                                "statusCode": 200,
                                                                "statusMessage": "success",
                                                                "data": {
                                                                    "receiptNumber": "$1",
                                                                    "statusCode": "$2",
                                                                    "statusDescription": "$3",
                                                                    "bankTransactionID": "$4"
                                                                }
                                                            }
                                                        </format>
                                                        <args>
                                                            <arg evaluator="xml" expression="$ctx:collectionId"/>
                                                            <arg value="0"/>
                                                            <arg value="SUCCESS"/>
                                                            <arg evaluator="xml" expression="$ctx:transactionReference"/>
                                                        </args>
                                                    </payloadFactory>
                                                </else>
                                            </filter>
                                        </then>
                                        <else>
                                            <payloadFactory media-type="json">
                                                <format>
                                                    {
                                                        "statusCode": "200",
                                                        "statusMessage": "success",
                                                        "data": {
                                                            "statusCode": "2",
                                                            "statusDescription": "Transaction is in Progress"
                                                        }
                                                    }
                                                </format>
                                                <args/>
                                            </payloadFactory>
                                            <property name="ContentType" scope="axis2" type="STRING" value="application/json"/>
                                            <property name="messageType" scope="axis2" type="STRING" value="application/json"/>
                                        </else>
                                    </filter>
                                    <respond/>
                                </else>
                            </filter>
                        </case>
                        <default>
                            <log level="full">
                                <property name="ERROR" value="Unsupported operation"/>
                            </log>
                        </default>
                    </switch>
                    <respond/>
                </then>
                <else>
                    <log level="full">
                        <property name="Validation" value="Invalid password"/>
                    </log>
                    <property name="HTTP_SC" scope="axis2" type="STRING" value="403"/>
                    <property name="NO_ENTITY_BODY" scope="axis2" type="BOOLEAN" value="true"/>
                    <respond/>
                </else>
            </filter>
        </then>
        <else>
            <log level="full">
                <property name="Validation" value="Invalid username"/>
            </log>
            <property name="HTTP_SC" scope="axis2" type="STRING" value="403"/>
            <property name="NO_ENTITY_BODY" scope="axis2" type="BOOLEAN" value="true"/>
            <respond/>
        </else>
    </filter>
</sequence>