<?xml version="1.0" encoding="UTF-8"?>
<sequence name="bpe-bankingengine-utilities-vend-timeout-retry-seq" onError="gov:/com/cestasoft/bankingengine/esb/services/bpe-bankingengine-utilities/v1/sequences/bpe-bankingengine-utilities-fault-seq.xml" xmlns="http://ws.apache.org/ns/synapse">
    <payloadFactory media-type="json">
        <format>
			{
			    "vendRetryStates": "true"
			}
		</format>
        <args/>
    </payloadFactory>
    <enrich>
        <source clone="false" type="body"/>
        <target action="replace" property="incomingPayload" type="property"/>
    </enrich>
    <sequence key="gov:/com/cestasoft/bankingengine/esb/services/bpe-bankingengine-utilities/v1/sequences/bpe-bankingengine-utilities-init-seq.xml"/>
    
    <property name="transactionStatus" value="INPROGRESS" scope="default" type="STRING"/>
    <property name="retryCountMax" value="5" scope="default" type="STRING"/>
    <call-template target="bpe-bankingengine-utilities-data-service-handler-tmpl">
        <with-param name="operation" value="get_transactions_by_status"/>
    </call-template>

   <!-- iterate through them and send for retry -->
    <iterate expression="//*[local-name()='BillPayMappingRecord']" id="transactionId" xmlns:ns="http://org.apache.synapse/xsd" xmlns:ns3="http://org.apache.synapse/xsd" xmlns:ns4="http://org.apache.synapse/xsd">
        <target>
            <sequence>
                <property name="transactionId" expression="//*[local-name()='transactionId']" scope="default" type="STRING"/>
                <property name="transactionReference" expression="//*[local-name()='transaction_ref']" scope="default" type="STRING"/>
                <property name="phoneNumber" expression="//*[local-name()='phone_number']" scope="default" type="STRING"/>
                <property name="customerName" expression="//*[local-name()='customer_name']" scope="default" type="STRING"/>
                <property name="customerType" expression="//*[local-name()='customer_type']" scope="default" type="STRING"/>
                <property name="totalAmount" expression="//*[local-name()='total_amount']" scope="default" type="STRING"/>
                <property name="totalPayment" expression="//*[local-name()='total_amount']" scope="default" type="STRING"/>
                <property name="amount" expression="//*[local-name()='total_amount']" scope="default" type="STRING"/>
                <property name="paymentType" expression="//*[local-name()='payment_type']" scope="default" type="STRING"/>
                <property name="retryCount" expression="//*[local-name()='retry_count']" scope="default" type="STRING"/>
                <property name="requestId" expression="//*[local-name()='request_id']" scope="default" type="STRING"/>
                <property name="encryptedRequestId" expression="//*[local-name()='encrypted_request_id']" scope="default" type="STRING"/>
                <property name="meterSerial" expression="//*[local-name()='meter_number']" scope="default" type="STRING"/>
                <property name="accountNumber" expression="//*[local-name()='meter_number']" scope="default" type="STRING"/>

                <!-- get calculate payment details -->
                <property expression="//*[local-name()='account']" name="account" scope="default" type="STRING"/>
                <property expression="//*[local-name()='tariffDescription']" name="tariffDescription" scope="default" type="STRING"/>
                <property expression="//*[local-name()='percentageDebt']" name="percentageDebt" scope="default" type="STRING"/>
                <property expression="//*[local-name()='accountBalance']" name="accountBalance" scope="default" type="STRING"/>
                <property expression="//*[local-name()='unitsPayment']" name="unitsPayment" scope="default" type="STRING"/>
                <property expression="//*[local-name()='units']" name="units" scope="default" type="STRING"/>
                <!-- <property expression="json-eval($.data.unitsType)" name="unitsType" scope="default" type="STRING"/> -->
                <property value="kWh" name="unitsType" scope="default" type="STRING"/>
                
                <log level="custom">
                    <property expression="$ctx:transactionReference" name="transactionReference"/>
                    <property expression="$ctx:phoneNumber" name="phoneNumber"/>
                    <property expression="$ctx:customerName" name="customerName"/>
                    <property expression="$ctx:customerType" name="customerType"/>
                    <property expression="$ctx:totalAmount" name="totalAmount"/>
                    <property expression="$ctx:totalPayment" name="totalPayment"/>
                    <property expression="$ctx:paymentType" name="paymentType"/>
                    <property expression="$ctx:retryCount" name="retryCount"/>
                    <property expression="$ctx:requestId" name="requestId"/>
                    <property expression="$ctx:encryptedRequestId" name="encryptedRequestId"/>
                    <property expression="$ctx:meterSerial" name="meterSerial"/>
                    <property expression="$ctx:accountNumber" name="accountNumber"/>
                    <property expression="$ctx:account" name="account"/>
                    <property expression="$ctx:tariffDescription" name="tariffDescription"/>
                    <property expression="$ctx:percentageDebt" name="percentageDebt"/>
                    <property expression="$ctx:accountBalance" name="accountBalance"/>
                    <property expression="$ctx:unitsPayment" name="unitsPayment"/>
                    <property expression="$ctx:units" name="units"/>
                    <property expression="$ctx:unitsType" name="unitsType"/>
                    <property expression="$ctx:percentageDebt" name="percentageDebt"/>
                    <property expression="$ctx:accountBalance" name="accountBalance"/>
                    <property expression="$ctx:unitsPayment" name="unitsPayment"/>
                    <property expression="$ctx:units" name="units"/>
                    <property expression="$ctx:unitsType" name="unitsType"/>
                </log>
                <script language="js"><![CDATA[var log = mc.getServiceLog();
                    var phoneNumber = mc.getProperty('phoneNumber');
                    var lastPhoneNumberSlice = phoneNumber.slice(1, 10);
                    var newPhoneNumber = "256" + lastPhoneNumberSlice;
                    log.info(newPhoneNumber);
                    mc.setProperty('newPhoneNumber', newPhoneNumber.toString());]]></script>
                <log level="custom">
                    <property expression="$ctx:newPhoneNumber" name="newPhoneNumber"/>
                </log>
                <!-- use script mediator to update retry count -->
                <script language="js"><![CDATA[var log = mc.getServiceLog();
                    var retryCount = mc.getProperty('retryCount');
                    var newRetryCount = Number(retryCount) + 1;
                    log.info(newRetryCount);
                    mc.setProperty('newRetryCount', newRetryCount.toString());]]></script>
                <log level="custom">
                    <property expression="$ctx:newRetryCount" name="newRetryCount"/>
                    <property expression="$ctx:transactionReference" name="transactionReference"/>
                </log>

                <sequence key="bpe-bankingengine-utilities-get-token-seq"/>

                <!-- Update Retry Count -->
                <call-template target="bpe-bankingengine-utilities-data-service-handler-tmpl">
                    <with-param name="operation" value="update_retry_count"/>
                </call-template>

                <switch source="get-property('customerType')">
                    <case regex="PREPAID">
                        <!-- <sequence key="bpe-bankingengine-utilities-calculate-payment-seq"/> -->
                        <sequence key="bpe-bankingengine-utilities-apply-payment-seq"/>
                        <sequence key="bpe-bankingengine-utilities-get-sts-token-seq"/>
                    </case>
                    <case regex="POSTPAID|NEWCONNECTION">
                        <sequence key="bpe-bankingengine-utilities-postpaid-get-account-balance-seq"/>
                        <sequence key="bpe-bankingengine-utilities-postpaid-make-payment-seq"/>
                    </case>
                    <default>
                        <log level="full">
                            <property name="ERROR" value="Unsupported operation"/>
                        </log>
                    </default>
                </switch>

            </sequence>
        </target>
    </iterate>
    <log level="custom">
        <property expression="$body/*" name="bpe-bankingengine-utilities-vend-timeout-retry-seq completed"/>
    </log>
</sequence>