<?xml version="1.0" encoding="UTF-8"?>
<sequence name="bpe-bankingengine-utilities-shift-enquiries-in-flow-seq" trace="disable" xmlns="http://ws.apache.org/ns/synapse">
    <log level="custom">
        <property name="bpe-bankingengine-utilities-shift-enquiries-in-flow-seq" value="bpe-bankingengine-utilities-shift-enquiries-in-flow-seq started"/>
    </log>
    <enrich description="Save Uganda Umeme Shift Enquiries incomingPayload">
        <source clone="false" type="body"/>
        <target property="incomingPayload" type="property"/>
    </enrich>
    <log level="custom">
        <property expression="json-eval($)" name="[[bpe-bankingengine-utilities-shift-enquiries-in-flow-seq]] Incoming Payload"/>
    </log>
    <property name="umeme_user_name" scope="default" type="STRING" value="aao_umeme"/>
    <property name="umeme_api_key" value="eyJhbGciOiJIUzI1NiIsInR5cCI6IkpXVCJ9.eyJzdWIiOiIwNjExMzEyMDUzIiwibmFtZSI6ImFic2F1Z2FuZGEiLCJpYXQiOjE3MzA5NjY4NDV9.8B6aYY-FYRfqxAGjnHbMfp26DjTRte0lINYkR4cLBYE"/>
    <property expression="json-eval($.api_user)" name="api_user" scope="default" type="STRING"/>
    <property expression="json-eval($.api_key)" name="api_key" scope="default" type="STRING"/>
    <filter regex="aao_umeme" source="get-property('api_user')">
        <then>
            <filter source="get-property('api_key')" regex="eyJhbGciOiJIUzI1NiIsInR5cCI6IkpXVCJ9.eyJzdWIiOiIwNjExMzEyMDUzIiwibmFtZSI6ImFic2F1Z2FuZGEiLCJpYXQiOjE3MzA5NjY4NDV9.8B6aYY-FYRfqxAGjnHbMfp26DjTRte0lINYkR4cLBYE">
                <then>
                    <log level="custom">
                        <property name="Validation" value="Credentials are valid"/>
                    </log>
                    <!-- get the shift enqueries customer type -->
                    <property expression="json-eval($.data.customer_type)" name="customerType" scope="default" type="STRING"/>
                    <!-- Get the payment date (epoch format)-->
                    <property name="paymentDate" expression="json-eval($.data.payment_date)" scope="default" type="STRING"/>
                    <log level="custom">
                        <property expression="$ctx:customerType" name="customerType" scope="default" type="STRING"/>
                        <property expression="$ctx:paymentDate" name="paymentDate" scope="default" type="STRING"/>
                    </log>
                    <sequence key="gov:/com/cestasoft/bankingengine/esb/services/bpe-bankingengine-utilities/v1/sequences/bpe-bankingengine-utilities-init-seq.xml"/>
                    <sequence key="bpe-bankingengine-utilities-get-token-seq"/>
                    <sequence key="bpe-bankingengine-utilities-shift-enquiries-process-seq"/>
                    <respond/>
                </then>
                <else>
                    <log level="full">
                        <property name="Validation" value="Invalid password"/>
                    </log>
                    <property name="HTTP_SC" scope="axis2" type="STRING" value="403"/>
                    <property name="NO_ENTITY_BODY" scope="axis2" type="BOOLEAN" value="true"/>
                    <respond/>
                </else>
            </filter>
        </then>
        <else>
            <log level="full">
                <property name="Validation" value="Invalid username"/>
            </log>
            <property name="HTTP_SC" scope="axis2" type="STRING" value="403"/>
            <property name="NO_ENTITY_BODY" scope="axis2" type="BOOLEAN" value="true"/>
            <respond/>
        </else>
    </filter>
</sequence>