<?xml version="1.0" encoding="UTF-8"?>
<sequence name="bpe-bankingengine-utilities-vend-fault-retry-seq" trace="disable" xmlns="http://ws.apache.org/ns/synapse">
    <log level="custom">
        <property name="bpe-bankingengine-utilities-vend-fault-retry-seq" value="bpe-bankingengine-utilities retry fault handler seq started"/>
    </log>
    <script language="js">
        var retryCount = mc.getProperty('RETRY_COUNT');
        if (retryCount == null) {
            retryCount = 0;
        } else {
            retryCount = parseInt(retryCount);
        }
        retryCount += 1;
        mc.setProperty('RETRY_COUNT', retryCount);
    </script>
    <log level="custom">
        <property name="RetryCount" expression="get-property('RETRY_COUNT')"/>
    </log>
    <filter xpath="get-property('RETRY_COUNT') &lt; 3">
        <then>
            <log level="full">
                <property name="Retrying" value="true"/>
            </log>
            <property name="messageType" value="application/json" scope="axis2"/>
            <property name="ContentType" value="application/json" scope="axis2"/>
            <script language="js">
                java.lang.Thread.sleep(10000); // 10 seconds delay
            </script>
            
            <call>
                <endpoint>
                    <http method="POST" uri-template="{uri.var.umemeBillpayUrl}">
                        <timeout>
                            <duration>5000</duration>
                            <responseAction>fault</responseAction>
                        </timeout>
                        <suspendOnFailure>
                            <errorCodes>-1</errorCodes>
                            <initialDuration>0</initialDuration>
                            <progressionFactor>1.0</progressionFactor>
                            <maximumDuration>0</maximumDuration>
                        </suspendOnFailure>
                        <markForSuspension>
                            <errorCodes>-1</errorCodes>
                        </markForSuspension>
                    </http>
                </endpoint>
            </call>
            <filter xpath="get-property('ERROR_CODE') = '101503'"><!-- Connection refused error code -->
                <then>
                    <log level="full">
                        <property name="Error" value="Connection refused"/>
                    </log>
                    <!-- Handle connection refused error -->
                    <sequence key="bpe-bankingengine-utilities-vend-fault-retry-seq"/>
                </then>
            </filter>
            <filter xpath="get-property('ERROR_CODE') = '101504'"> <!-- Timeout error code -->
                <then>
                    <log level="full">
                        <property name="Error" value="Timeout"/>
                    </log>
                    <!-- Handle timeout error -->
                    <sequence key="bpe-bankingengine-utilities-vend-fault-retry-seq"/>
                </then>
            </filter>
        </then>
        <else>
            <log level="full">
                <property name="Retrying" value="false"/>
                <property name="MaxRetriesReached" value="true"/>
            </log>
            <sequence key="gov:/com/cestasoft/bankingengine/esb/services/bpe-bankingengine-utilities/v1/sequences/bpe-bankingengine-utilities-fault-seq.xml"/>
        </else>
    </filter>
</sequence>