<?xml version="1.0" encoding="UTF-8"?>
<sequence name="bpe-bankingengine-utilities-get-transaction-status-seq" onError="gov:/com/cestasoft/bankingengine/esb/services/bpe-bankingengine-utilities/v1/sequences/bpe-bankingengine-utilities-fault-seq.xml" xmlns="http://ws.apache.org/ns/synapse">
    <log level="custom">
        <property expression="$body/*" name="bpe-bankingengine-utilities-get-transaction-status-seq started"/>
    </log>

    <call-template target="bpe-bankingengine-utilities-data-service-handler-tmpl">
        <with-param name="operation" value="get_transaction_count"/>
    </call-template>

    <property name="totalTransactions" expression="//*[local-name()='totalTransactions']" scope="default" type="STRING"/>
    <log level="custom">
        <property expression="$ctx:totalTransactions" name="totalTransactions"/>
    </log>
</sequence>    