<?xml version="1.0" encoding="UTF-8"?>
<sequence name="bpe-bankingengine-utilities-apply-payment-seq" xmlns="http://ws.apache.org/ns/synapse">
    <log level="custom">
        <property name="bpe-bankingengine-utilities-apply-payment-seq" value="Apply payment sequence started"/>
    </log>
    <property expression="json-eval($.comment)" name="comment" scope="default" type="STRING"/>
    
    <!-- check if request ID doesn't exist already in the context -->
    <filter xpath="not($ctx:encryptedRequestId) or $ctx:encryptedRequestId = '' or $ctx:encryptedRequestId = 'null'">
        <then>
            <!-- <property expression="get-property('SYSTEM_TIME')" name="requestId" scope="default" type="STRING"/>
            <property expression="get-property('transactionReference')" name="requestId" scope="default" type="STRING"/> -->
            <utilitiesconnector.umemeencrypt/>
            <!-- Update DB with Request ID and Digital Signature [This way the same request is sent during the timeout retry ]-->
            <call-template target="bpe-bankingengine-utilities-data-service-handler-tmpl">
                <with-param name="operation" value="update_transaction_encryption_details"/>
            </call-template>
        </then>
        <else>
            <log level="custom" separator="*****">
                <property expression="$ctx:requestId" name="bpe-bankingengine-utilities-apply-payment-seq --  Request ID already exists"/>
                <property expression="$ctx:encryptedRequestId" name="bpe-bankingengine-utilities-apply-payment-seq -- Encrypted request ID already exists"/>
            </log>
        </else>
    </filter>
    
    <payloadFactory media-type="json">
        <format>
			{
			    "meterSerial": "$1",
			    "totalPayment": $2,
			    "debtPayment": $3,
			    "account": "$4",
			    "tariffDescription": "$5",
			    "percentageDebt": $6,
			    "accountBalance": $7,
			    "unitsPayment": $8, 
			    "units": $9,
			    "unitsType": "$10",
			    "comment": "$11",
			    "requestID":"$12",
                "phoneNumber": "$13",
                "digitalSign":"$14"
			}
		</format>
        <args>
            <arg evaluator="xml" expression="$ctx:meterSerial"/>
            <arg evaluator="xml" expression="$ctx:totalPayment"/>
            <arg evaluator="xml" expression="$ctx:debtPayment"/>
            <arg evaluator="xml" expression="$ctx:account"/>
            <arg evaluator="xml" expression="$ctx:tariffDescription"/>
            <arg evaluator="xml" expression="$ctx:percentageDebt"/>
            <arg evaluator="xml" expression="$ctx:accountBalance"/>
            <arg evaluator="xml" expression="$ctx:unitsPayment"/>
            <arg evaluator="xml" expression="$ctx:units"/>
            <arg evaluator="xml" expression="$ctx:unitsType"/>
            <arg evaluator="xml" expression="$ctx:tariffDescription"/>
            <arg evaluator="xml" expression="$ctx:requestId"/>
            <arg evaluator="xml" expression="$ctx:newPhoneNumber"/>
            <arg evaluator="xml" expression="$ctx:encryptedRequestId"/>
        </args>
    </payloadFactory>
    <property name="HTTP_METHOD" scope="axis2" type="STRING" value="POST"/>
    <property action="remove" name="REST_URL_POSTFIX" scope="axis2"/>
    <property name="DISABLE_CHUNKING" scope="axis2" type="STRING" value="true"/>
    <property expression="fn:concat($ctx:umemeBaseUrl, '/venPayment/1.0.1/')" name="uri.var.umemeBillpayUrl" scope="default" type="STRING"/>
    <header expression="fn:concat($ctx:vendorId, '#', $ctx:username)" name="X-Incms-Origin-D" scope="transport"/>
    <header expression="fn:concat('Bearer ', $ctx:accessToken)" name="Authorization" scope="transport"/>
    <call>
        <endpoint>
            <http uri-template="{uri.var.umemeBillpayUrl}">
                <timeout>
                    <duration>120000</duration>
                    <responseAction>fault</responseAction>
                </timeout>
                <suspendOnFailure>
                    <errorCodes>-1</errorCodes>
                    <initialDuration>0</initialDuration>
                    <progressionFactor>1.0</progressionFactor>
                    <maximumDuration>0</maximumDuration>
                </suspendOnFailure>
                <markForSuspension>
                    <errorCodes>-1</errorCodes>
                </markForSuspension>
            </http>
        </endpoint>
    </call>
    <property name="ContentType" scope="axis2" type="STRING" value="application/json"/>
    <property name="messageType" scope="axis2" type="STRING" value="application/json"/>
    <filter regex="200" source="$axis2:HTTP_SC">
        <then>
            <property expression="json-eval($.data.requestID)" name="requestID" scope="default" type="STRING"/>
            <property expression="json-eval($.data.alarmMessage)" name="alarmMessage" scope="default" type="STRING"/>
            <property expression="json-eval($.data.transactionId)" name="transactionId" scope="default" type="STRING"/>

            <call-template target="bpe-bankingengine-utilities-data-service-handler-tmpl">
                <with-param name="operation" value="update_calculate_payment_transaction_details"/>
            </call-template>
        </then>
        <else>
            <log level="full">
                <property name="bpe-bankingengine-utilities-apply-payment-seq" value="failed to apply payment "/>
            </log>
            <sequence key="gov:/com/cestasoft/bankingengine/esb/services/bpe-bankingengine-utilities/v1/sequences/bpe-bankingengine-utilities-fault-seq.xml" />
        </else>
    </filter>
</sequence>