<?xml version="1.0" encoding="UTF-8"?>
<sequence name="bpe-bankingengine-utilities-get-sts-token-seq" xmlns="http://ws.apache.org/ns/synapse">
    <log level="custom">
        <property name="bpe-bankingengine-utilities-get-sts-token-seq" value="Get STS Token sequence started"/>
    </log>
    <payloadFactory media-type="json">
        <format>
			{
			    "idTransaction": $1
			}
		</format>
        <args>
            <arg evaluator="xml" expression="$ctx:transactionId"
                literal="false" xmlns:ns="http://org.apache.synapse/xsd"/>
        </args>
    </payloadFactory>
    <property name="HTTP_METHOD" scope="axis2" type="STRING" value="POST"/>
    <property action="remove" name="REST_URL_POSTFIX" scope="axis2"/>
    <property name="DISABLE_CHUNKING" scope="axis2" type="STRING" value="true"/>
    <property
        expression="fn:concat($ctx:umemeBaseUrl, '/stsToken/1.0.1/venStsToken')"
        name="uri.var.umemeBillpayUrl" scope="default" type="STRING" xmlns:ns="http://org.apache.synapse/xsd"/>
    <header expression="fn:concat($ctx:vendorId, '#', $ctx:username)"
        name="X-Incms-Origin-D" scope="transport" xmlns:ns="http://org.apache.synapse/xsd"/>
    <header expression="fn:concat('Bearer ', $ctx:accessToken)"
        name="Authorization" scope="transport" xmlns:ns="http://org.apache.synapse/xsd"/>
    <call>
        <endpoint>
            <http uri-template="{uri.var.umemeBillpayUrl}">
                <suspendOnFailure>
                    <errorCodes>-1</errorCodes>
                    <initialDuration>30000</initialDuration>
                    <progressionFactor>1.0</progressionFactor>
                    <maximumDuration>30000</maximumDuration>
                </suspendOnFailure>
                <markForSuspension>
                    <errorCodes>-1</errorCodes>
                    <retriesBeforeSuspension>3</retriesBeforeSuspension>
                </markForSuspension>
            </http>
        </endpoint>
    </call>
    <property name="ContentType" scope="axis2" type="STRING" value="application/json"/>
    <property name="messageType" scope="axis2" type="STRING" value="application/json"/>
    <sequence key="bpe-bankingengine-utilities-response-handler-seq"/>
    <property name="statusCode" scope="default" type="STRING" value="0"/>
    <property expression="json-eval($.data[0].units)" name="units"
        scope="default" type="STRING" xmlns:ns="http://org.apache.synapse/xsd"/>
    <log level="custom">
        <property expression="$ctx:units" name="units" xmlns:ns="http://org.apache.synapse/xsd"/>
    </log>
    <property expression="json-eval($.data[0].listToken)"
        name="listToken" xmlns:ns="http://org.apache.synapse/xsd"/>
    <log level="custom">
        <property expression="$ctx:listToken" name="listToken" xmlns:ns="http://org.apache.synapse/xsd"/>
    </log>
    <payloadFactory media-type="xml">
        <format>
            <root xmlns="">
                <data>$1</data>
            </root>
        </format>
        <args>
            <arg evaluator="json" expression="$.data[0]" literal="false"/>
        </args>
    </payloadFactory>
    <property name="messageType" scope="axis2" value="application/xml"/>
    <property expression="//unitsTopUp[concept='VAT']/amount"
        name="vatAmount" scope="default" type="STRING" xmlns:ns="http://org.apache.synapse/xsd"/>
    <property expression="//debtPayment" name="debtRecovery"
        scope="default" type="STRING" xmlns:ns="http://org.apache.synapse/xsd"/>
    <property expression="//totalPayment" name="totalAmount"
        scope="default" type="STRING" xmlns:ns="http://org.apache.synapse/xsd"/>
    <property expression="//oucAccount" name="oucAccount"
        scope="default" type="STRING" xmlns:ns="http://org.apache.synapse/xsd"/>
    <property expression="//customerName" name="customerName"
        scope="default" type="STRING" xmlns:ns="http://org.apache.synapse/xsd"/>
    <property expression="//meterSerial" name="meterNumber"
        scope="default" type="STRING" xmlns:ns="http://org.apache.synapse/xsd"/>
    <property expression="//balance" name="balance" scope="default"
        type="STRING" xmlns:ns="http://org.apache.synapse/xsd"/>
    <property expression="//type" name="type" scope="default"
        type="STRING" xmlns:ns="http://org.apache.synapse/xsd"/>
    <property expression="//receipt" name="receiptNumber"
        scope="default" type="STRING" xmlns:ns="http://org.apache.synapse/xsd"/>
    <property expression="//accountBalance" name="remainingCredit"
        scope="default" type="STRING" xmlns:ns="http://org.apache.synapse/xsd"/>
    <!-- <property
        expression="//unitsTopUp[concept='Rounding Adjustment']/units"
        name="tokenValue" scope="default" type="STRING" xmlns:ns="http://org.apache.synapse/xsd"/> -->
    <property expression="//unitsTopUp[concept='Service Charge']/amount"
        name="serviceFee" scope="default" type="STRING" xmlns:ns="http://org.apache.synapse/xsd"/>
    <property expression="//tariffDescription" name="tariffDescription"
        scope="default" type="STRING" xmlns:ns="http://org.apache.synapse/xsd"/>

    <property expression="//unitsTopUp[concept='Account Pay']/amount"
        name="accountPay" scope="default" type="STRING" xmlns:ns="http://org.apache.synapse/xsd"/>
    <property expression="//unitsTopUp[concept='Account Save']/amount"
        name="accountSave" scope="default" type="STRING" xmlns:ns="http://org.apache.synapse/xsd"/>

    <filter xmlns:ns="http://org.apache.synapse/xsd" xpath="$ctx:serviceFee = ''">
        <then>
            <property
                expression="//unitsTopUp[concept='Commercial Service Charge ']/amount"
                name="serviceFee" scope="default" type="STRING"/>
        </then>
        <else/>
    </filter>
    <script language="js"><![CDATA[var listToken = mc.getProperty('listToken');
    	var log = mc.getServiceLog();
    	log.info(listToken);
    	var listArray = JSON.parse(listToken);
        var commaSeparatedList = listArray.join(', ');
        log.info(commaSeparatedList);
        
        mc.setProperty('commaSeparatedList', commaSeparatedList);]]></script>
    <log level="full">
        <property expression="get-property('commaSeparatedList')"
            name="commaSeparatedList" xmlns:ns="http://org.apache.synapse/xsd"/>
    </log>

    <script language="js"><![CDATA[var log = mc.getServiceLog();
    	var totalPayment = mc.getProperty('totalPayment');
        var vatAmount = mc.getProperty('vatAmount');
        var debtRecovery = mc.getProperty('debtRecovery');
        var serviceFee = mc.getProperty('serviceFee');
    	
        var amountTendered = Number(totalPayment) - Number(vatAmount) - Number(debtRecovery) - Number(serviceFee);
        log.info(amountTendered);
        var roundedAmount = Math.ceil(parseFloat(amountTendered));
        var formattedAmount = roundedAmount.toFixed(2);
        log.info("Amount Tendered rounded off: " + amountTendered);

        mc.setProperty('amountTendered', formattedAmount);]]></script>
    <log level="full">
        <property expression="get-property('amountTendered')"
            name="amountTendered" xmlns:ns="http://org.apache.synapse/xsd"/>
    </log>

    <!-- Check possibly empty values -->
    <filter xmlns:ns="http://org.apache.synapse/xsd" xpath="$ctx:accountPay = ''">
        <then>
            <property name="accountPay" scope="default" type="STRING" value="0"/>
        </then>
        <else/>
    </filter>
    <filter xmlns:ns="http://org.apache.synapse/xsd" xpath="$ctx:accountSave = ''">
        <then>
            <property name="accountSave" scope="default" type="STRING" value="0"/>
        </then>
        <else/>
    </filter>

    <!-- Update DB with the above details -->
    <property name="transactionStatus" scope="default" type="STRING" value="COMPLETED"/>
    <call-template target="bpe-bankingengine-utilities-data-service-handler-tmpl">
        <with-param name="operation" value="update_transaction"/>
    </call-template>

    <!-- NOW SEND THE SMS TO THE END USER -->
    <sequence key="bpe-bankingengine-utilities-send-sms-to-user-seq"/>

    <property name="ContentType" scope="axis2" type="STRING" value="application/json"/>
    <property name="messageType" scope="axis2" type="STRING" value="application/json"/>
    <payloadFactory media-type="json">
        <format>
            {
                "statusCode": 200,
                "statusMessage": "success",
                "data": {
                    "accountSaveAmount": "$20",
                    "accountPayAmount": "$21",
                    "debtRecovery": "$10",
                    "tax": "$15",
                    "totalAmount": "$14",
                    "units": "$11",
                    "tokenValue": "$16",
                    "remainingCredit": "$12",
                    "serviceFee": "$17",
                    "meterNumber": "$13",
                    "fX": "",
                    "inflation": "",
                    "prepaidToken": "$18",
                    "receiptNumber": "$9",
                    "lifeLine": "",
                    "fuel": "0",
                    "bankTransactionID": "$8",
                    "tariffDescription": "$19",
                    "statusCode": "$7",
                    "statusDescription": "$6"
                }
            }
        </format>
        <args>
            <arg evaluator="xml" expression="$ctx:customerRef"
                literal="false" xmlns:ns="http://org.apache.synapse/xsd"/>
            <arg evaluator="xml" expression="$ctx:customerName"
                literal="false" xmlns:ns="http://org.apache.synapse/xsd"/>
            <arg evaluator="xml" expression="$ctx:customerType"
                literal="false" xmlns:ns="http://org.apache.synapse/xsd"/>
            <arg evaluator="xml" expression="$ctx:balance"
                literal="false" xmlns:ns="http://org.apache.synapse/xsd"/>
            <arg literal="false" value="0"/>
            <arg literal="false" value="SUCCESS"/>
            <arg evaluator="xml" expression="$ctx:statusCode"
                literal="false" xmlns:ns="http://org.apache.synapse/xsd"/>
            <arg evaluator="xml" expression="$ctx:transactionReference"
                literal="false" xmlns:ns="http://org.apache.synapse/xsd"/>
            <arg evaluator="xml" expression="$ctx:receiptNumber"
                literal="false" xmlns:ns="http://org.apache.synapse/xsd"/>
            <arg evaluator="xml" expression="$ctx:debtRecovery"
                literal="false" xmlns:ns="http://org.apache.synapse/xsd"/>
            <arg evaluator="xml" expression="$ctx:units" literal="false" xmlns:ns="http://org.apache.synapse/xsd"/>
            <arg evaluator="xml" expression="$ctx:remainingCredit"
                literal="false" xmlns:ns="http://org.apache.synapse/xsd"/>
            <arg evaluator="xml" expression="$ctx:meterNumber"
                literal="false" xmlns:ns="http://org.apache.synapse/xsd"/>
            <arg evaluator="xml" expression="$ctx:totalAmount"
                literal="false" xmlns:ns="http://org.apache.synapse/xsd"/>
            <arg evaluator="xml" expression="$ctx:vatAmount"
                literal="false" xmlns:ns="http://org.apache.synapse/xsd"/>
            <!-- <arg evaluator="xml" expression="$ctx:tokenValue"
                literal="false" xmlns:ns="http://org.apache.synapse/xsd"/> -->
            <arg evaluator="xml" expression="$ctx:amountTendered"
                literal="false" xmlns:ns="http://org.apache.synapse/xsd"/>
            <arg evaluator="xml" expression="$ctx:serviceFee"
                literal="false" xmlns:ns="http://org.apache.synapse/xsd"/>
            <arg evaluator="xml" expression="$ctx:commaSeparatedList"
                literal="false" xmlns:ns="http://org.apache.synapse/xsd"/>
            <arg evaluator="xml" expression="$ctx:tariffDescription"
                literal="false" xmlns:ns="http://org.apache.synapse/xsd"/>
            <arg evaluator="xml" expression="$ctx:accountPay"
                literal="false" xmlns:ns="http://org.apache.synapse/xsd"/>
            <arg evaluator="xml" expression="$ctx:accountSave"
                literal="false" xmlns:ns="http://org.apache.synapse/xsd"/>
        </args>
    </payloadFactory>
    <respond/>
</sequence>
 