<?xml version="1.0" encoding="UTF-8"?>
<sequence name="bpe-bankingengine-utilities-shift-enquiries-process-seq" trace="disable" xmlns="http://ws.apache.org/ns/synapse">
    <log level="custom">
        <property name="bpe-bankingengine-utilities-shift-enquiries-process-seq" value="bpe-bankingengine-utilities-shift-enquiries-process-seq started"/>
    </log>
    
    <switch source="get-property('customerType')">
        <case regex="PREPAID">
            <!-- curl \-\-location \-\-request GET 'https://apimuat.umeme.co.ug:8243/venShiftEnquiries/1.0.1/?codUserShift=absabank&paymentDate=1728569683000' \
                \-\-header 'X-Incms-Origin-D: 100031#citibank' \
                \-\-header 'Authorization: Bearer 8dcb19ae-55dd-3359-a7c0-c35df1da9f9e' -->
            <header expression="fn:concat($ctx:vendorId, '#', $ctx:username)" name="X-Incms-Origin-D" scope="transport"/>
            <property expression="fn:concat($ctx:umemeBaseUrl, '/venShiftEnquiries/1.0.1/?codUserShift=', $ctx:username, '&amp;paymentDate=', $ctx:paymentDate)" name="uri.var.umemeBillpayUrl" scope="default" type="STRING"/>
        </case>
        <case regex="POSTPAID|NEWCONNECTION">
            <!-- curl \-\-location \-\-request GET 'https://apimuat.umeme.co.ug:8243/oucShiftEnquiries/1.0.1/?paymentDate=1729793144000&codUserShift=2224' \
                \-\-header 'X-Incms-Origin-D: 1005' \
                \-\-header 'Authorization: Bearer 8f8ea706-03bb-3af3-ac65-7836f8622661' -->
            <header expression="$ctx:username" name="X-Incms-Origin-D" scope="transport"/>
            <property expression="fn:concat($ctx:umemeBaseUrl, '/oucShiftEnquiries/1.0.1/?codUserShift=', $ctx:umemeCollectionCenter, '&amp;paymentDate=', $ctx:paymentDate)" name="uri.var.umemeBillpayUrl" scope="default" type="STRING"/>
        </case>
        <default>
            <log level="full">
                <property name="ERROR" value="Unsupported operation"/>
            </log>
        </default>
    </switch>

    <property name="HTTP_METHOD" scope="axis2" type="STRING" value="GET"/>
    <property action="remove" name="REST_URL_POSTFIX" scope="axis2"/>
    <property name="DISABLE_CHUNKING" scope="axis2" type="STRING" value="true"/>
    
    <header expression="fn:concat('Bearer ', $ctx:accessToken)" name="Authorization" scope="transport"/>
    <call>
        <endpoint>
            <http uri-template="{uri.var.umemeBillpayUrl}">
                <timeout>
                    <duration>120000</duration>
                    <responseAction>fault</responseAction>
                </timeout>
                <suspendOnFailure>
                    <errorCodes>-1</errorCodes>
                    <initialDuration>0</initialDuration>
                    <progressionFactor>1.0</progressionFactor>
                    <maximumDuration>0</maximumDuration>
                </suspendOnFailure>
                <markForSuspension>
                    <errorCodes>-1</errorCodes>
                    <retriesBeforeSuspension>0</retriesBeforeSuspension>
                </markForSuspension>
            </http>
        </endpoint>
    </call>
    <property name="ContentType" scope="axis2" type="STRING" value="application/json"/>
    <property name="messageType" scope="axis2" type="STRING" value="application/json"/>
    
    <sequence key="bpe-bankingengine-utilities-response-handler-seq"/>
            
    <property value="0" name="statusCode" scope="default" type="STRING"/>

    <log level="custom">
        <property name="bpe-bankingengine-utilities-shift-enquiries-process-seq" value="bpe-bankingengine-utilities-shift-enquiries-process-seq completed"/>
    </log>
</sequence>