<?xml version="1.0" encoding="UTF-8"?>
<sequence name="bpe-bankingengine-utilities-response-handler-seq" trace="disable" xmlns="http://ws.apache.org/ns/synapse">
    <!-- <log level="custom">
        <property name="bpe-bankingengine-utilities-response-handler-seq" value="Response handler sequence started" scope="default" type="STRING"/>
    </log>

    <filter source="$axis2:HTTP_SC" regex="200">
        <then/>
        <else>
            <sequence key="gov:/com/cestasoft/bankingengine/esb/services/bpe-bankingengine-utilities/v1/sequences/bpe-bankingengine-utilities-fault-seq.xml"/>
        </else>
    </filter>

    <property expression="$axis2:HTTP_SC" name="statusCode" scope="default" type="STRING"/>
    <filter source="$ctx:statusCode" regex="200">
        <then/>
        <else>
            <sequence key="gov:/com/cestasoft/bankingengine/esb/services/bpe-bankingengine-utilities/v1/sequences/bpe-bankingengine-utilities-fault-seq.xml"/>
        </else>
    </filter>
    <filter xpath="fn:string-length(//*[local-name()='fault']) = 0.0">
        <then/>
        <else>
            <sequence key="gov:/com/cestasoft/bankingengine/esb/services/bpe-bankingengine-utilities/v1/sequences/bpe-bankingengine-utilities-fault-seq.xml"/>
        </else>
    </filter> -->
</sequence>
