<?xml version="1.0" encoding="UTF-8"?>
<sequence name="bpe-bankingengine-utilities-process-error-handler-seq" trace="disable" xmlns="http://ws.apache.org/ns/synapse">
    <log level="custom">
        <property name="bpe-bankingengine-utilities-process-error-handler-seq" value="Customer Search Error Sequence started"/>
    </log>

    <payloadFactory media-type="json">
        <format>
            {
                "statusCode": "$1",
                "statusMessage": "failed",
                "data": {
                    "customerReference  ": "",
                    "customerName": "",
                    "customerType": "",
                    "balance": "",
                    "statusCode": "$2",
                    "statusDescription": "$3"
                }
            }
        </format>
        <args>
            <arg evaluator="xml" expression="$axis2:HTTP_SC"/>
            <arg evaluator="xml" value="37"/>
            <arg evaluator="xml" value="CUSTOMER ACCOUNT DOES NOT EXIST"/>
        </args>
    </payloadFactory>
</sequence>