<?xml version="1.0" encoding="UTF-8"?>
<sequence name="bpe-bankingengine-utilities-postpaid-make-payment-seq" trace="disable" xmlns="http://ws.apache.org/ns/synapse">
    <log level="custom">
        <property name="bpe-bankingengine-utilities-postpaid-make-payment-seq" value="bpe-bankingengine-utilities postpaid make payment seq started"/>
    </log>
    <property name="HTTP_METHOD" scope="axis2" type="STRING" value="POST"/>
    <property action="remove" name="REST_URL_POSTFIX" scope="axis2"/>
    <property name="DISABLE_CHUNKING" scope="axis2" type="STRING" value="true"/>
    <property expression="fn:concat($ctx:umemeBaseUrl, '/payments/1.0.1/externalPayment')" name="uri.var.umemeBillpayUrl" scope="default" type="STRING"/>
    <header expression="$ctx:umemeCollectionCenter" name="X-Incms-Origin-D" scope="transport"/>
    <header expression="fn:concat('Bearer ', $ctx:accessToken)" name="Authorization" scope="transport"/>
    <property expression="get-property('SYSTEM_TIME')" name="paymentDate" scope="default" type="STRING"/>
    <!-- <property expression="fn:substring-after(get-property('MessageID'), 'urn:uuid:')" name="transactionId" scope="default" type="STRING"/> -->
    <property expression="$ctx:transactionReference" name="transactionId" scope="default" type="STRING"/>
    <payloadFactory media-type="json">
        <format>
			{
			  "paymentDate": "$1",
			  "collectionReference": "$2",
			  "amount": $3,
			  "currency": "$4",
			  "transactionId": "$5",
			  "paymentCenter": "$6",
              "phoneNumber": "$7"
			}
		</format>
        <args>
            <arg evaluator="xml" expression="$ctx:paymentDate"/>
            <arg evaluator="xml" expression="$ctx:accountReference"/>
            <arg evaluator="xml" expression="$ctx:amount"/>
            <arg evaluator="xml" expression="$ctx:currencyIsoCode"/>
            <arg evaluator="xml" expression="$ctx:transactionReference"/>
            <arg evaluator="xml" expression="$ctx:umemeCollectionCenter"/>
            <arg evaluator="xml" expression="$ctx:newPhoneNumber"/>
        </args>
    </payloadFactory>
    <call>
        <endpoint>
            <http uri-template="{uri.var.umemeBillpayUrl}">
                <timeout>
                    <duration>120000</duration>
                    <responseAction>fault</responseAction>
                </timeout>
                <suspendOnFailure>
                    <errorCodes>-1</errorCodes>
                    <initialDuration>0</initialDuration>
                    <progressionFactor>1.0</progressionFactor>
                    <maximumDuration>0</maximumDuration>
                </suspendOnFailure>
                <markForSuspension>
                    <errorCodes>-1</errorCodes>
                    <retriesBeforeSuspension>0</retriesBeforeSuspension>
                </markForSuspension>
            </http>
        </endpoint>
    </call>
    <property name="ContentType" scope="axis2" type="STRING" value="application/json"/>
    <property name="messageType" scope="axis2" type="STRING" value="application/json"/>
    <filter regex="200" source="$axis2:HTTP_SC">
        <then>
            <!-- Update DB with the above details -->
            <property name="transactionStatus" scope="default" type="STRING" value="COMPLETED"/>
            <property expression="json-eval($.data.collectionStatus)" name="collectionStatus" scope="default" type="STRING"/>
            <property expression="json-eval($.data.accountBalance)" name="accountBalance" scope="default" type="STRING"/>
            <property expression="json-eval($.data.collectionId)" name="collectionId" scope="default" type="STRING"/>
            <property expression="json-eval($.data.confirmationMessage)" name="confirmationMessage" scope="default" type="STRING"/>
            <call-template target="bpe-bankingengine-utilities-data-service-handler-tmpl">
                <with-param name="operation" value="update_postpaid_transaction"/>
            </call-template>
            <property name="ContentType" scope="axis2" type="STRING" value="application/json"/>
            <property name="messageType" scope="axis2" type="STRING" value="application/json"/>
            <payloadFactory media-type="json">
                <format>
                    {
                        "statusCode": 200,
                        "statusMessage": "success",
                        "data": {
                            "receiptNumber": "$1",
                            "statusCode": "$2",
                            "statusDescription": "$3",
                            "bankTransactionID": "$4"
                        }
                    }
                </format>
                <args>
                    <arg evaluator="xml" expression="$ctx:collectionId"/>
                    <arg value="0"/>
                    <arg value="SUCCESS"/>
                    <arg evaluator="xml" expression="$ctx:transactionReference"/>
                </args>
            </payloadFactory>
        </then>
        <else>
            <log level="full">
                <property name="bpe-bankingengine-utilities-get-sts-token-seq" value="failed to make postpaid payment"/>
            </log>
            <respond/>
        </else>
    </filter>
    <log level="custom">
        <property name="bpe-bankingengine-utilities-postpaid-make-payment-seq" value="bpe-bankingengine-utilities postpaid make payment seq completed"/>
    </log>
</sequence>
