<?xml version="1.0" encoding="UTF-8"?>
<sequence name="bpe-bankingengine-utilities-calculate-payment-seq" onError="gov:/com/cestasoft/bankingengine/esb/services/bpe-bankingengine-utilities/v1/sequences/bpe-bankingengine-utilities-fault-seq.xml" trace="disable" xmlns="http://ws.apache.org/ns/synapse">
    <log level="custom">
        <property name="bpe-bankingengine-utilities-calculate-payment-seq" value="Calculate sts token sequence started"/>
    </log>
    <property name="debtPayment" scope="default" type="STRING" value="0"/>
    <script language="js"><![CDATA[var log = mc.getServiceLog();
        var phoneNumber = mc.getProperty('phoneNumber');
        // var newPhoneNumber = phoneNumber.replace(/^0/, '256');
        var lastPhoneNumberSlice = phoneNumber.slice(1, 10);
        var newPhoneNumber = "256" + lastPhoneNumberSlice;

        log.info(newPhoneNumber);
        mc.setProperty('phoneNumber', newPhoneNumber.toString());]]></script>
    <log level="custom">
        <property expression="$ctx:phoneNumber" name="phoneNumber"/>
    </log>
    <property name="HTTP_METHOD" scope="axis2" type="STRING" value="GET"/>
    <property action="remove" name="REST_URL_POSTFIX" scope="axis2"/>
    <property name="DISABLE_CHUNKING" scope="axis2" type="STRING" value="true"/>
    <property expression="fn:concat($ctx:umemeBaseUrl, '/venPayment/1.0.1/?meterSerial=', $ctx:meterSerial, '&amp;totalPayment=', $ctx:totalAmount, '&amp;debtPayment=',$ctx:debtPayment, '&amp;phoneNumber=',$ctx:phoneNumber)" name="uri.var.umemeBillpayUrl" scope="default" type="STRING"/>
    <header expression="fn:concat($ctx:vendorId, '#', $ctx:username)" name="X-Incms-Origin-D" scope="transport"/>
    <header expression="fn:concat('Bearer ', $ctx:accessToken)" name="Authorization" scope="transport"/>
    <call>
        <endpoint>
            <http uri-template="{uri.var.umemeBillpayUrl}">
                <timeout>
                    <duration>120000</duration>
                    <responseAction>fault</responseAction>
                </timeout>
                <suspendOnFailure>
                    <errorCodes>-1</errorCodes>
                    <initialDuration>0</initialDuration>
                    <progressionFactor>1.0</progressionFactor>
                    <maximumDuration>0</maximumDuration>
                </suspendOnFailure>
                <markForSuspension>
                    <errorCodes>-1</errorCodes>
                </markForSuspension>
            </http>
        </endpoint>
    </call>
    <property name="ContentType" scope="axis2" type="STRING" value="application/json"/>
    <property name="messageType" scope="axis2" type="STRING" value="application/json"/>
    <filter regex="200" source="$axis2:HTTP_SC">
        <then>
            <log level="full">
                <property name="bpe-bankingengine-utilities-calculate-payment-seq" value="Sucesss with calculate payment"/>
            </log>
            <property expression="json-eval($.data.account)" name="account" scope="default" type="STRING"/>
            <property expression="json-eval($.data.tariffDescription)" name="tariffDescription" scope="default" type="STRING"/>
            <property expression="json-eval($.data.percentageDebt)" name="percentageDebt" scope="default" type="STRING"/>
            <property expression="json-eval($.data.accountBalance)" name="accountBalance" scope="default" type="STRING"/>
            <property expression="json-eval($.data.unitsPayment)" name="unitsPayment" scope="default" type="STRING"/>
            <property expression="json-eval($.data.units)" name="units" scope="default" type="STRING"/>
            <!-- <property expression="json-eval($.data.unitsType)" name="unitsType" scope="default" type="STRING"/> -->
            <property value="kWh" name="unitsType" scope="default" type="STRING"/>
            <property expression="json-eval($.data.percentageDebt)" name="percentageDebt" scope="default" type="STRING"/>

            <call-template target="bpe-bankingengine-utilities-data-service-handler-tmpl">
                <with-param name="operation" value="update_calculate_payment_transaction_details"/>
            </call-template>
        </then>
        <else>
            <log level="full">
                <property name="bpe-bankingengine-utilities-calculate-payment-seq" value="failed to calculate payment "/>
            </log>
            <respond/>
        </else>
    </filter>
</sequence>