<?xml version="1.0" encoding="UTF-8"?>
<sequence name="bpe-bankingengine-utilities-vend-changepw-in-flow-seq" onError="gov:/com/cestasoft/bankingengine/esb/services/bpe-bankingengine-utilities/v1/sequences/bpe-bankingengine-utilities-fault-seq.xml" trace="disable" xmlns="http://ws.apache.org/ns/synapse">
    <log level="custom">
        <property name="bpe-bankingengine-utilities-vend-changepw-in-flow-seq" value="Change password sequence started"/>
    </log>
    <property name="newPwd" scope="default" type="STRING" expression="json-eval($.newPwd)"/>
    <property name="vendType" scope="default" type="STRING" expression="json-eval($.accountType)"/>
    <log level="custom">
        <property name="newPwd" expression="$ctx:newPwd"/>
    </log>

    <enrich description="Save Uganda Umeme Billpay incomingPayload">
        <source clone="false" type="body"/>
        <target property="incomingPayload" type="property"/>
    </enrich>
    
    <sequence key="gov:/com/cestasoft/bankingengine/esb/services/bpe-bankingengine-utilities/v1/sequences/bpe-bankingengine-utilities-init-seq.xml"/>

    <sequence key="bpe-bankingengine-utilities-get-token-seq"/>
    
    <property name="HTTP_METHOD" scope="axis2" type="STRING" value="PATCH"/>
    <property action="remove" name="REST_URL_POSTFIX" scope="axis2"/>
    <property name="DISABLE_CHUNKING" scope="axis2" type="STRING" value="true"/>
    <property expression="fn:concat($ctx:umemeBaseUrl, '/venLogin/1.0.1/')" name="uri.var.umemeBillpayUrl" scope="default" type="STRING"/>
    <property name="ContentType" scope="axis2" type="STRING" value="application/json"/>
    <header expression="fn:concat($ctx:vendorId, '#', $ctx:username)" name="X-Incms-Origin-D" scope="transport"/>
    <header expression="fn:concat('Bearer ', $ctx:accessToken)" name="Authorization" scope="transport"/>
    <header value="umeme.co.ug" name="X-Incms-Tenant" scope="transport"/>
    
    <payloadFactory media-type="json">
        <format>
        {
            "currentPwd": "$1",
            "newPwd": "$2"
        }
        </format>
        <args>
            <arg evaluator="xml" expression="$ctx:password"/>
            <arg evaluator="xml" expression="$ctx:newPwd"/>
        </args>
    </payloadFactory>
    <call>
        <endpoint>
            <http uri-template="{uri.var.umemeBillpayUrl}">
                <timeout>
                    <duration>120000</duration>
                    <responseAction>fault</responseAction>
                </timeout>
                <suspendOnFailure>
                    <errorCodes>-1</errorCodes>
                    <initialDuration>0</initialDuration>
                    <progressionFactor>1.0</progressionFactor>
                    <maximumDuration>0</maximumDuration>
                </suspendOnFailure>
                <markForSuspension>
                    <errorCodes>-1</errorCodes>
                    <retriesBeforeSuspension>0</retriesBeforeSuspension>
                </markForSuspension>
            </http>
        </endpoint>
    </call>
    <property name="ContentType" scope="axis2" type="STRING" value="application/json"/>
    <property name="messageType" scope="axis2" type="STRING" value="application/json"/>
    
    <log level="full">
        <property name="bpe-bankingengine-utilities-vend-changepw-in-flow-seq" value="Change password sequence completed"/>
    </log>
    <respond/>
</sequence>