<?xml version="1.0" encoding="UTF-8"?>
<sequence name="bpe-bankingengine-utilities-get-token-seq" xmlns="http://ws.apache.org/ns/synapse">
    <log level="custom">
        <property name="bpe-bankingengine-utilities-get-token-seq" value="Get token sequence started"/>
    </log>
    <property name="grantType" scope="default" type="STRING" value="password"/>
    <filter regex="POSTPAID|NEWCONNECTION" source="$ctx:customerType" xmlns:ns="http://org.apache.synapse/xsd">
        <then>
            <property name="umemeCollectionCenter" scope="default" type="STRING" value="X224"/>
            <property name="scope" scope="default" type="STRING" value="token_public token_private"/>
            <payloadFactory media-type="xml">
                <format>
                    <soapenv:Envelope xmlns:soapenv="http://schemas.xmlsoap.org/soap/envelope/">
                        <soapenv:Body>
                            <root xmlns="">
                                <username>$1</username>
                                <password>$2</password>
                                <grant_type>$3</grant_type>
                                <scope>$4</scope>
                            </root>
                        </soapenv:Body>
                    </soapenv:Envelope>
                </format>
                <args>
                    <arg evaluator="xml" expression="$ctx:umemeCollectionCenter" literal="false"/>
                    <arg evaluator="xml" expression="$ctx:postpaidPassword" literal="false"/>
                    <arg evaluator="xml" expression="$ctx:grantType" literal="false"/>
                    <arg evaluator="xml" expression="$ctx:scope" literal="false"/>
                </args>
            </payloadFactory>
            <property name="authToken" scope="default" type="STRING" value="Q2RONVk2UlpiU2Jvb0hoN2pqQXNjOWE2dURRYTo2NlFxTTNBT0lmSHlOWkJpbHJnTkxveDhMS0Vh"/>
            <header expression="fn:concat('Basic ', $ctx:authToken)" name="Authorization" scope="transport"/>
        </then>
        <else>
            <property name="scope" scope="default" type="STRING" value="token_public token_private ststoken_public"/>
            <payloadFactory media-type="xml">
                <format>
                    <soapenv:Envelope xmlns:soapenv="http://schemas.xmlsoap.org/soap/envelope/">
                        <soapenv:Body>
                            <root xmlns="">
                                <username>$1#$2</username>
                                <password>$3</password>
                                <grant_type>$4</grant_type>
                                <scope>$5</scope>
                            </root>
                        </soapenv:Body>
                    </soapenv:Envelope>
                </format>
                <args>
                    <arg evaluator="xml" expression="$ctx:vendorId" literal="false"/>
                    <arg evaluator="xml" expression="$ctx:username" literal="false"/>
                    <arg evaluator="xml" expression="$ctx:password" literal="false"/>
                    <arg evaluator="xml" expression="$ctx:grantType" literal="false"/>
                    <arg evaluator="xml" expression="$ctx:scope" literal="false"/>
                </args>
            </payloadFactory>
            <property name="authToken" scope="default" type="STRING" value="cGtoeTg3QjJvc2lPeWpHdXlCV0xxbjRoRkJFYTpReUNNeFRrUEZyM3hMRzdMZjJuTTdLYURvZkVh"/>
            <header expression="fn:concat('Basic ', $ctx:authToken)" name="Authorization" scope="transport"/>
        </else>
    </filter>
    <log level="full">
        <property name="bpe-bankingengine-utilities-get-token-seq" value="payload..."/>
    </log>
    <property expression="fn:concat($ctx:umemeBaseUrl, '/token')" name="uri.var.umemeBillpayUrl" scope="default" type="STRING"/>
    <property name="HTTP_METHOD" scope="axis2" type="STRING" value="POST"/>
    <property action="remove" name="REST_URL_POSTFIX" scope="axis2"/>
    <property name="DISABLE_CHUNKING" scope="axis2" type="STRING" value="true"/>
    <property name="messageType" scope="axis2" type="STRING" value="application/x-www-form-urlencoded"/>
    <property name="ContentType" scope="axis2" type="STRING" value="application/x-www-form-urlencoded"/>
    <call>
        <endpoint>
            <http uri-template="{uri.var.umemeBillpayUrl}">
                <timeout>
                    <duration>120000</duration>
                    <responseAction>fault</responseAction>
                </timeout>
                <suspendOnFailure>
                    <errorCodes>-1</errorCodes>
                    <initialDuration>0</initialDuration>
                    <progressionFactor>1.0</progressionFactor>
                    <maximumDuration>0</maximumDuration>
                </suspendOnFailure>
                <markForSuspension>
                    <errorCodes>-1</errorCodes>
                </markForSuspension>
            </http>
        </endpoint>
    </call>
    <filter source="$axis2:HTTP_SC" regex="200">
        <then>
            <property name="ContentType" scope="axis2" type="STRING" value="application/json"/>
            <property name="messageType" scope="axis2" type="STRING" value="application/json"/>
            <property name="RESPONSE" scope="default" type="STRING" value="true"/>
            <property expression="json-eval($.access_token)" name="accessToken" scope="default" type="STRING"/>
            <cache collector="true"/>
            <enrich>
                <source clone="false" property="incomingPayload" type="property"/>
                <target action="replace" type="body"/>
            </enrich>
            <log level="full"/>
        </then>
        <else>
            <sequence key="gov:/com/cestasoft/bankingengine/esb/services/bpe-bankingengine-utilities/v1/sequences/bpe-bankingengine-utilities-fault-seq.xml"/>
        </else>
    </filter>
</sequence>