<?xml version="1.0" encoding="UTF-8"?>
<sequence name="bpe-bankingengine-utilities-customer-search-seq"  onError="gov:/com/cestasoft/bankingengine/esb/services/bpe-bankingengine-utilities/v1/sequences/bpe-bankingengine-utilities-fault-seq.xml" trace="disable" xmlns="http://ws.apache.org/ns/synapse">
    <log level="custom">
        <property name="bpe-bankingengine-utilities-customer-search-seq" value="Customer Search sequence started"/>
    </log>

    <property expression="json-eval($.data.customer_ref)" name="customerRef" scope="default" type="STRING"/>
    <log level="custom">
        <property name="customerRef" expression="$ctx:customerRef"/>
    </log>
    <property name="HTTP_METHOD" scope="axis2" type="STRING" value="GET"/>
    <property action="remove" name="REST_URL_POSTFIX" scope="axis2"/>
    <property name="DISABLE_CHUNKING" scope="axis2" type="STRING" value="true"/>
    <property expression="fn:concat($ctx:umemeBaseUrl, '/customerDetails/1.0.1/?meterNumber=', $ctx:customerRef)" name="uri.var.umemeBillpayUrl" scope="default" type="STRING"/>
    <header expression="fn:concat($ctx:vendorId, '#', $ctx:username)" name="X-Incms-Origin-D" scope="transport"/>
    <header expression="fn:concat('Bearer ', $ctx:accessToken)" name="Authorization" scope="transport"/>
    <call>
        <endpoint>
            <http uri-template="{uri.var.umemeBillpayUrl}">
                <timeout>
                    <duration>120000</duration>
                    <responseAction>fault</responseAction>
                </timeout>
                <suspendOnFailure>
                    <errorCodes>-1</errorCodes>
                    <initialDuration>0</initialDuration>
                    <progressionFactor>1.0</progressionFactor>
                    <maximumDuration>0</maximumDuration>
                </suspendOnFailure>
                <markForSuspension>
                    <errorCodes>-1</errorCodes>
                </markForSuspension>
            </http>
        </endpoint>
    </call>
    <property name="ContentType" scope="axis2" type="STRING" value="application/json"/>
    <property name="messageType" scope="axis2" type="STRING" value="application/json"/>
    <sequence key="bpe-bankingengine-utilities-response-handler-seq"/>
    <property expression="json-eval($.data.length())" name="dataLength" scope="default" type="STRING"/>
    <filter xpath="get-property('dataLength') > 0">
        <then>
            <log level="custom">
                <property name="DATA_STATUS" value="Data array contains elements"/>
            </log>
            <property name="customerType" scope="default" type="STRING" value="PREPAID"/>
            <sequence key="bpe-bankingengine-utilities-success-response-handler-seq"/>
        </then>
        <else>
            <log level="custom">
                <property name="DATA_STATUS" value="Data array is empty -- will try Postpaid now"/>
            </log>
            <property name="customerType" scope="default" type="STRING" value="POSTPAID"/>
            <sequence key="bpe-bankingengine-utilities-get-token-seq"/>
            <property name="HTTP_METHOD" scope="axis2" type="STRING" value="GET"/>
            <property action="remove" name="REST_URL_POSTFIX" scope="axis2"/>
            <property name="DISABLE_CHUNKING" scope="axis2" type="STRING" value="true"/>
            <header expression="fn:concat($ctx:vendorId, '#', $ctx:username)" name="X-Incms-Origin-D" scope="transport"/>
            <header expression="fn:concat('Bearer ', $ctx:accessToken)" name="Authorization" scope="transport"/>
            <property expression="fn:concat($ctx:umemeBaseUrl, '/customerDetails/1.0.1/?oucAccount=', $ctx:customerRef)" name="uri.var.umemeBillpayUrl" scope="default" type="STRING"/>
            <call>
                <endpoint>
                    <http uri-template="{uri.var.umemeBillpayUrl}">
                        <timeout>
                            <duration>120000</duration>
                            <responseAction>fault</responseAction>
                        </timeout>
                        <suspendOnFailure>
                            <errorCodes>-1</errorCodes>
                            <initialDuration>0</initialDuration>
                            <progressionFactor>1.0</progressionFactor>
                            <maximumDuration>0</maximumDuration>
                        </suspendOnFailure>
                        <markForSuspension>
                            <errorCodes>-1</errorCodes>
                        </markForSuspension>
                    </http>
                </endpoint>
            </call>
            <property name="ContentType" scope="axis2" type="STRING" value="application/json"/>
            <property name="messageType" scope="axis2" type="STRING" value="application/json"/>
            <sequence key="bpe-bankingengine-utilities-response-handler-seq"/>

            <!-- First store the length in a property -->
            <property expression="json-eval($.data.length())" name="dataLength" scope="default" type="STRING"/>
            <!-- Then use a filter to check if length > 0 -->
            <filter xpath="get-property('dataLength') > 0">
                <then>
                    <log level="custom">
                        <property name="DATA_STATUS" value="Data array contains elements"/>
                    </log>
                    <property name="customerType" scope="default" type="STRING" value="POSTPAID"/>
                    <sequence key="bpe-bankingengine-utilities-success-response-handler-seq"/>
                </then>
                <else>
                    <log level="custom">
                        <property name="DATA_STATUS" value="Data array is empty -- will try WORK REQUEST now"/>
                    </log>
                    <property name="HTTP_METHOD" scope="axis2" type="STRING" value="GET"/>
                    <property action="remove" name="REST_URL_POSTFIX" scope="axis2"/>
                    <property name="DISABLE_CHUNKING" scope="axis2" type="STRING" value="true"/>
                    <property expression="fn:concat($ctx:umemeBaseUrl, '/customerDetails/1.0.1/?workRequest=', $ctx:customerRef)" name="uri.var.umemeBillpayUrl" scope="default" type="STRING"/>
                    <header expression="fn:concat($ctx:vendorId, '#', $ctx:username)" name="X-Incms-Origin-D" scope="transport"/>
                    <header expression="fn:concat('Bearer ', $ctx:accessToken)" name="Authorization" scope="transport"/>
                    <call>
                        <endpoint>
                            <http uri-template="{uri.var.umemeBillpayUrl}">
                                <timeout>
                                    <duration>120000</duration>
                                    <responseAction>fault</responseAction>
                                </timeout>
                                <suspendOnFailure>
                                    <errorCodes>-1</errorCodes>
                                    <initialDuration>0</initialDuration>
                                    <progressionFactor>1.0</progressionFactor>
                                    <maximumDuration>0</maximumDuration>
                                </suspendOnFailure>
                                <markForSuspension>
                                    <errorCodes>-1</errorCodes>
                                </markForSuspension>
                            </http>
                        </endpoint>
                    </call>
                    <property name="ContentType" scope="axis2" type="STRING" value="application/json"/>
                    <property name="messageType" scope="axis2" type="STRING" value="application/json"/>
                    <sequence key="bpe-bankingengine-utilities-response-handler-seq"/>
                    <property expression="json-eval($.data.length())" name="dataLength" scope="default" type="STRING"/>
                    <filter xpath="get-property('dataLength') > 0">
                        <then>
                            <property name="customerType" scope="default" type="STRING" value="NEWCONNECTION"/>
                            <sequence key="bpe-bankingengine-utilities-success-response-handler-seq"/>
                        </then>
                        <else>
                            <sequence key="bpe-bankingengine-utilities-process-error-handler-seq"/>
                        </else>
                    </filter>
                </else>
            </filter>
        </else>
    </filter>
    <log level="custom">
        <property name="bpe-bankingengine-utilities-customer-search-seq" value="Customer search sequence completed"/>
    </log>
    <respond/>
</sequence>