<?xml version="1.0" encoding="UTF-8"?>
<sequence name="bpe-bankingengine-utilities-get-transactions-in-flow-seq" xmlns="http://ws.apache.org/ns/synapse">
    <log level="custom">
        <property name="bpe-bankingengine-utilities-get-transactions-in-flow-seq" value="Get Transactions In Flow sequence started"/>
    </log>

    <!-- get status from uri -->
    <property expression="get-property('uri.var.status')" name="status" scope="default" type="STRING"/>
    
    <call-template target="bpe-bankingengine-utilities-data-service-handler-tmpl">
        <with-param name="operation" value="get_reporting_transactions_by_status"/>
    </call-template>

    <!-- Convert the response to json -->
    <property name="messageType" scope="axis2" type="STRING" value="application/json"/>
    <property name="ContentType" scope="axis2" type="STRING" value="application/json"/>

    <property expression="json-eval($.BillPayMappingDetails.BillMappingRecord)" name="responseData" scope="default" type="STRING"/>

    <log level="custom">
        <property name="responseData" expression="$ctx:responseData"/>
    </log>

    <payloadFactory media-type="json">
        <format>
            {
                "statusCode": "$3",
                "statusMessage": "$2",
                "data": $1
            }
        </format>
        <args>
            <arg evaluator="xml" expression="$ctx:responseData"/>
            <arg evaluator="xml" value="success"/>
            <arg evaluator="xml" value="200"/>
        </args>
    </payloadFactory>
    <respond/>
</sequence>