<?xml version="1.0" encoding="UTF-8"?>
<sequence name="bpe-bankingengine-utilities-get-completed-transaction-seq" onError="gov:/com/cestasoft/bankingengine/esb/services/bpe-bankingengine-utilities/v1/sequences/bpe-bankingengine-utilities-fault-seq.xml" xmlns="http://ws.apache.org/ns/synapse">
    <log level="custom">
        <property value="bpe-bankingengine-utilities-get-completed-transaction-seq started" name="bpe-bankingengine-utilities-vend-process-request-seq"/>
    </log>

    <!-- get transctions from db by transaction number, where status is completed -->
    <call-template target="bpe-bankingengine-utilities-data-service-handler-tmpl">
        <with-param name="operation" value="get_transaction_by_transaction_ref"/>
    </call-template>

    <!-- send the response back to client -->
    <property expression="//*[local-name()='tax']"
        name="vatAmount" scope="default" type="STRING"/>
    <property expression="//*[local-name()='debt_recovery']" name="debtRecovery"
        scope="default" type="STRING"/>
    <property expression="//*[local-name()='total_amount']" name="totalAmount"
        scope="default" type="STRING"/>
    <property expression="//*[local-name()='ouc_account']" name="oucAccount"
        scope="default" type="STRING"/>
    <property expression="//*[local-name()='customer_name']" name="customerName"
        scope="default" type="STRING"/>
    <property expression="//*[local-name()='meter_number']" name="meterNumber"
        scope="default" type="STRING"/>
    <property expression="//*[local-name()='balance']" name="balance" scope="default"
        type="STRING"/>
    <property expression="//*[local-name()='customer_type']" name="customer_type" scope="default"
        type="STRING"/>
    <property expression="//*[local-name()='receipt_number']" name="receiptNumber"
        scope="default" type="STRING"/>
    <property expression="//*[local-name()='remaining_credit']" name="remainingCredit"
        scope="default" type="STRING"/>
    <property expression="//*[local-name()='service_fee']" name="serviceFee" scope="default" type="STRING"/>
    <property expression="//*[local-name()='tariff_description']" name="tariffDescription" scope="default" type="STRING"/>
    <property expression="//*[local-name()='account_pay']" name="accountPay" scope="default" type="STRING"/>
    <property expression="//*[local-name()='account_save']" name="accountSave" scope="default" type="STRING"/>

    <script language="js"><![CDATA[var log = mc.getServiceLog();
    	var totalPayment = mc.getProperty('totalPayment');
        var vatAmount = mc.getProperty('vatAmount');
        var debtRecovery = mc.getProperty('debtRecovery');
        var serviceFee = mc.getProperty('serviceFee');
    	
        var amountTendered = Number(totalPayment) - Number(vatAmount) - Number(debtRecovery) - Number(serviceFee);
        log.info(amountTendered);
        var roundedAmount = Math.ceil(parseFloat(amountTendered));
        var formattedAmount = roundedAmount.toFixed(2);
        log.info("Amount Tendered rounded off: " + amountTendered);

        mc.setProperty('amountTendered', formattedAmount);]]></script>
    <log level="full">
        <property expression="get-property('amountTendered')"
            name="amountTendered"/>
    </log>

    <property name="ContentType" scope="axis2" type="STRING" value="application/json"/>
    <property name="messageType" scope="axis2" type="STRING" value="application/json"/>
    <payloadFactory media-type="json">
        <format>
            {
                "statusCode": 200,
                "statusMessage": "success",
                "data": {
                    "accountSaveAmount": "$20",
                    "accountPayAmount": "$21",
                    "debtRecovery": "$10",
                    "tax": "$15",
                    "totalAmount": "$14",
                    "units": "$11",
                    "tokenValue": "$16",
                    "remainingCredit": "$12",
                    "serviceFee": "$17",
                    "meterNumber": "$13",
                    "fX": "",
                    "inflation": "",
                    "prepaidToken": "$18",
                    "receiptNumber": "$9",
                    "lifeLine": "",
                    "fuel": "0",
                    "bankTransactionID": "$8",
                    "tariffDescription": "$19",
                    "statusCode": "$7",
                    "statusDescription": "$6"
                }
            }
        </format>
        <args>
            <arg evaluator="xml" expression="$ctx:customerRef"/>
            <arg evaluator="xml" expression="$ctx:customerName"/>
            <arg evaluator="xml" expression="$ctx:customerType"/>
            <arg evaluator="xml" expression="$ctx:balance"/>
            <arg literal="false" value="0"/>
            <arg literal="false" value="SUCCESS"/>
            <arg evaluator="xml" expression="$ctx:statusCode"/>
            <arg evaluator="xml" expression="$ctx:transactionReference"/>
            <arg evaluator="xml" expression="$ctx:receiptNumber"/>
            <arg evaluator="xml" expression="$ctx:debtRecovery"/>
            <arg evaluator="xml" expression="$ctx:units" literal="false"/>
            <arg evaluator="xml" expression="$ctx:remainingCredit"/>
            <arg evaluator="xml" expression="$ctx:meterNumber"/>
            <arg evaluator="xml" expression="$ctx:totalAmount"/>
            <arg evaluator="xml" expression="$ctx:vatAmount"/>
            <arg evaluator="xml" expression="$ctx:amountTendered"/>
            <arg evaluator="xml" expression="$ctx:serviceFee"/>
            <arg evaluator="xml" expression="$ctx:commaSeparatedList"/>
            <arg evaluator="xml" expression="$ctx:tariffDescription"/>
            <arg evaluator="xml" expression="$ctx:accountPay"/>
            <arg evaluator="xml" expression="$ctx:accountSave"/>
        </args>
    </payloadFactory>
    <respond/>


    <log level="custom">
        <property name="bpe-bankingengine-utilities-vend-process-request-seq" value="bpe-bankingengine-utilities-get-completed-transaction-seq completed"/>
    </log>
</sequence>