<?xml version="1.0" encoding="UTF-8"?>
<api context="/utility_bill_payments/api" name="bpe-bankingengine-utilities-api.xml" xmlns="http://ws.apache.org/ns/synapse">
    <resource methods="POST" uri-template="/umeme">
        <inSequence>
            <sequence key="bpe-bankingengine-utilities-vend-in-flow-seq"/>
        </inSequence>
        <outSequence/>
        <faultSequence>
            <!-- <sequence key="bpe-bankingengine-utilities-vend-fault-retry-seq"/> -->
        </faultSequence>
    </resource>
    <resource methods="POST" uri-template="/vend/postpaid/sts-token">
        <inSequence>
            <sequence key="bpe-bankingengine-utilities-vend-postpaid-in-flow-seq"/>
        </inSequence>
        <outSequence/>
        <faultSequence/>
    </resource>
    <resource methods="POST" uri-template="/umeme/forgotpw">
        <inSequence>
            <sequence key="bpe-bankingengine-utilities-vend-forgotpw-in-flow-seq"/>
        </inSequence>
        <outSequence/>
        <faultSequence/>
    </resource>
    <resource methods="POST" uri-template="/umeme/changepw">
        <inSequence>
            <sequence key="bpe-bankingengine-utilities-vend-changepw-in-flow-seq"/>
        </inSequence>
        <outSequence/>
        <faultSequence/>
    </resource>
    <resource methods="POST" uri-template="/umeme/shift-enquiries">
        <inSequence>
            <sequence key="bpe-bankingengine-utilities-shift-enquiries-in-flow-seq"/>
        </inSequence>
        <outSequence/>
        <faultSequence/>
    </resource>
    <resource methods="GET" uri-template="/umeme/transactions/{status}">
        <inSequence>
            <sequence key="bpe-bankingengine-utilities-get-transactions-in-flow-seq"/>
        </inSequence>
        <outSequence/>
        <faultSequence/>
    </resource>
    
</api>
