<?xml version="1.0" encoding="UTF-8"?>
<inboundEndpoint name="bpe-bankingengine-utilities-inbound" onError="rabbitmq-fault-seq" protocol="rabbitmq" sequence="bpe-bankingengine-utilities-get-message-queue-seq" suspend="false" xmlns="http://ws.apache.org/ns/synapse">
    <parameters>
        <parameter name="sequential">true</parameter>
        <parameter name="coordination">true</parameter>
        <parameter name="rabbitmq.connection.factory">AMQPConnectionFactory</parameter>
        <parameter name="rabbitmq.server.host.name">localhost</parameter>
        <parameter name="rabbitmq.server.port">5672</parameter>
        <parameter name="rabbitmq.server.user.name">guest</parameter>
        <parameter name="rabbitmq.server.password">guest</parameter>
        <parameter name="rabbitmq.queue.name">bpe_bankingengine_utilities_outwards</parameter>
        <parameter name="rabbitmq.exchange.name">bpe_bankingengine_utilities_outwards_exchange</parameter>
        <parameter name="rabbitmq.queue.durable">true</parameter>
        <parameter name="rabbitmq.queue.exclusive">false</parameter>
        <parameter name="rabbitmq.queue.auto.delete">false</parameter>
        <parameter name="rabbitmq.queue.auto.ack">false</parameter>
        <parameter name="rabbitmq.exchange.durable">true</parameter>
        <parameter name="rabbitmq.exchange.auto.delete">false</parameter>
        <parameter name="rabbitmq.server.virtual.host">/</parameter>
        <parameter name="rabbitmq.connection.ssl.enabled">false</parameter>
    </parameters>
</inboundEndpoint>
