<?xml version="1.0" encoding="UTF-8"?>
<sequence name="bpe-bankingengine-utilities-biller-info-seq" trace="disable" xmlns="http://ws.apache.org/ns/synapse">
    <call-template description="Log started" target="gov:com/cestasoft/bankingengine/services/commons/v1/templates/logger-tmpl.xml">
        <with-param name="sequenceName" value="bpe-bankingengine-utilities-biller-info-seq"/>
        <with-param name="message" value="bpe-bankingengine-utilities biller info seq started"/>
        <with-param name="logLevel" value="INFO"/>
        <with-param name="integrationName" value="bpe-bankingengine-utilities"/>
    </call-template>
    <property expression="json-eval($.Document.ServiceReq.ResData.Items)" name="responseDataItems" scope="default" type="STRING"/>
    <property expression="json-eval($.Document.ServiceReq.Hdr.RsCd)" name="responseStatuCode" scope="default" type="STRING"/>
    <payloadFactory media-type="json">
        <format>
			{
				"StatusCode": "$2",
	    		"StatusMessage": "",
	    		"Data": $1
	    	}
		</format>
        <args>
            <arg evaluator="xml" expression="$ctx:responseDataItems"/>
            <arg evaluator="xml" expression="$ctx:responseStatuCode"/>
        </args>
    </payloadFactory>
</sequence>
