<?xml version="1.0" encoding="UTF-8"?>
<sequence name="bpe-bankingengine-utilities-customer-info-in-flow-seq" trace="disable" xmlns="http://ws.apache.org/ns/synapse">
    <log level="custom">
        <property name="bpe-bankingengine-utilities-customer-info-seq" expression="$body/*" scope="default" type="STRING"/>
    </log>
    
    <property expression="json-eval($.provider)" name="provider" scope="default" type="STRING"/>
    <property expression="json-eval($.transRef)" name="transactionReference" scope="default" type="STRING"/>
    <property expression="fn:substring-after(get-property('MessageID'), 'urn:uuid:')" name="uuidNum" scope="default" type="STRING"/>
    <property name="endpointName" scope="default" type="STRING" value="getCustomerInfo"/>
    <property name="operation" scope="default" type="STRING" expression="fn:concat('billpay-', fn:lower-case($ctx:provider), '-customer-info')"/>
    

    <property expression="//*[local-name()='code']/text()" name="operationCode" scope="default" type="STRING"/>
    <property expression="//*[local-name()='protocol']/text()" name="protocol" scope="default" type="STRING"/>

    <switch source="$ctx:provider">
        <case regex="UMEME">
        	<sequence key="bpe-bankingengine-utilities-customer-info-umeme-seq"/>
        </case>
        <default/>
    </switch>
    
    <property expression="json-eval($.Document.ServiceReq.ResData.data)" name="responseData" scope="default" type="STRING"/>
    <property expression="json-eval($.Document.ServiceReq.Hdr.RsCd)" name="responseStatuCode" scope="default" type="STRING"/>
    <payloadFactory media-type="json">
        <format>
			{
				"StatusCode": "$1",
	    		"StatusMessage": "",
	    		"Data": $2
	    	}
		</format>
        <args>
            <arg evaluator="xml" expression="$ctx:responseStatuCode"/>
            <arg evaluator="xml" expression="$ctx:responseData"/>
        </args>
    </payloadFactory>
    
    <property name="HTTP_SC" scope="axis2" type="STRING" value="200"/>
    <respond/>
</sequence>
