<?xml version="1.0" encoding="UTF-8"?>
<sequence name="bpe-bankingengine-utilities-response-handler-seq" trace="disable" xmlns="http://ws.apache.org/ns/synapse">
    <log level="custom">
        <property name="bpe-bankingengine-utilities-response-handler-seq" value="bpe-bankingengine-utilities-response-handler request started" scope="default" type="STRING"/>
    </log>
    <property expression="$axis2:HTTP_SC" name="statusCode" scope="default" type="STRING"/>
    <filter xpath="fn:string-length(//*[local-name()='errorInformation']) = 0.0">
        <then/>
        <else>
            <property value="ERROR" name="transferState" scope="default" type="STRING"/>
            <switch source="$ctx:channel">
                <case regex="cbs">
                    <property name="errorCode" expression="$ctx:serviceErrorCode"/>
                    <property expression="fn:concat('Unable to process bpe-bankingengine-utilities request.', //*[local-name()='message'])" name="errorDescription" scope="default" type="STRING"/>
                    <drop/>
                </case>
                <default>
                    <property expression="fn:concat('Unable to process bpe-bankingengine-utilities request.', //*[local-name()='errorDescription'])" name="ERROR_MESSAGE" scope="default" type="STRING"/>
                    <sequence key="gov:/com/cestasoft/bankingengine/esb/services/bpe-bankingengine-utilities/v1/sequences/bpe-bankingengine-utilities-fault-seq.xml"/>
                </default>
            </switch>
        </else>
    </filter>
    <filter xpath="fn:string-length(//*[local-name()='ErrorMessage']) = 0.0">
        <then/>
        <else>
            <property value="ERROR" name="transferState" scope="default" type="STRING"/>
            <switch source="$ctx:channel">
                <case regex="cbs">
                    <property name="errorCode" expression="$ctx:serviceErrorCode"/>
                    <property expression="fn:concat('Unable to process bpe-bankingengine-utilities request.', //*[local-name()='message'])" name="errorDescription" scope="default" type="STRING"/>
                    <drop/>
                </case>
                <default/>
            </switch>
        </else>
    </filter>
    <filter xpath="fn:string-length(//*[local-name()='error']) = 0.0">
        <then/>
        <else>
            <property expression="fn:concat('Unable to process bpe-bankingengine-utilities request.', //*[local-name()='message'])" name="ERROR_MESSAGE" scope="default" type="STRING"/>
            <property value="ERROR" name="transferState" scope="default" type="STRING"/>
            <sequence key="gov:/com/cestasoft/bankingengine/esb/services/bpe-bankingengine-utilities/v1/sequences/bpe-bankingengine-utilities-fault-seq.xml"/>
        </else>
    </filter>
</sequence>
