<?xml version="1.0" encoding="UTF-8"?>
<sequence name="bpe-bankingengine-utilities-customer-info-umeme-seq" trace="disable" xmlns="http://ws.apache.org/ns/synapse">
    <log level="custom">
        <property name="bpe-bankingengine-utilities-customer-info-umeme-seq" value="get customer info umeme seq started" scope="default" type="STRING"/>
    </log>
    
    <payloadFactory media-type="json">
        <format>
			{
			  "Document": {
			    "ServiceReq": {
			      "Hdr": {
			        "MsgFctn": "$1",
			        "PrtcolVrsn": "$2",
			        "MsgUUID": "$3"
			      },
			      "ReqData": {
                        "LangID": "$4",
                        "BillID": "$5",
                        "SCNumber": "$6",
                        "dataSource": "$7",
                        "BusinessUnit": "$8",
                        "VendorCode": "$9",
                        "language": "$10"
                  }
			    }
			  }
			}
		</format>
    <args>
      <arg evaluator="xml" expression="$ctx:operationCode"/>
      <arg evaluator="xml" expression="$ctx:protocol"/>
      <arg evaluator="xml" expression="$ctx:transReference"/>
      <arg evaluator="xml" expression="$ctx:langId"/>
      <arg evaluator="xml" expression="$ctx:billId"/>
      <arg evaluator="xml" expression="$ctx:scNumber"/>
      <arg evaluator="xml" expression="$ctx:dataSource"/>
      <arg evaluator="xml" expression="$ctx:businessUnit"/>
      <arg evaluator="xml" expression="$ctx:vendorCode"/>
      <arg evaluator="xml" expression="$ctx:language"/>
    </args>
    </payloadFactory>
    <call-template target="gov:com/cestasoft/bankingengine/services/commons/v1/templates/bpe-bankingengine-utilities-request-handler-tmpl.xml">
        <with-param name="operation" value="{$ctx:endpointName}"/>
        <with-param name="endpoint" value="{$ctx:umemeBillpayUrl}"/>
        <with-param name="token" value="{$ctx:bearerToken}"/>
    </call-template>
</sequence>
