<?xml version="1.0" encoding="UTF-8"?>
<sequence name="bpe-bankingengine-utilities-get-message-queue-seq" trace="disable" xmlns="http://ws.apache.org/ns/synapse">
    <log level="custom">
        <property name="bpe-bankingengine-utilities-customer-info-umeme-seq queue receive started" expression="$body/*" scope="default" type="STRING"/>
    </log>

    <property expression="json-eval($.transactionReference)" name="transactionReference" scope="default" type="STRING" />
    <property name="incomingPayload" expression="json-eval($)" />
    <property name="country" scope="default" type="STRING" value="uganda" />
    <sequence key="gov:/com/cestasoft/bankingengine/esb/services/bpe-bankingengine-utilities/v1/sequences/bpe-bankingengine-utilities-init-seq.xml" />
    
    <log level="custom">
        <property name="bpe-bankingengine-utilities-customer-info-umeme-seq queue receive started" expression="$ctx:transactionReference" scope="default" type="STRING"/>
    </log>
    
    
    <!-- go to DB and fetch transaction via sessionID -->
    <!-- Check the status to make sure that is it not success to prevent duplication. IN_PROGRESS -->
    <call-template target="bpe-bankingengine-utilities-data-service-handler-tmpl">
        <with-param name="operation" value="get_tran_by_reference" />
    </call-template>
    <property expression="//*[local-name()='provider']/text()" name="provider" scope="default" type="STRING" />
    <property expression="//*[local-name()='referenceNumber']/text()" name="referenceNumber" scope="default" type="STRING" />
    <property expression="//*[local-name()='transactionReference']/text()" name="transactionReference" scope="default" type="STRING" />
    <property expression="//*[local-name()='meterNumber']/text()" name="meterNumber" scope="default" type="STRING" />
    <property expression="//*[local-name()='billId']/text()" name="billId" scope="default" type="STRING" />
    <property expression="//*[local-name()='extId']/text()" name="exBillId" scope="default" type="STRING" />
    <property expression="//*[local-name()='amount']/text()" name="amount" scope="default" type="STRING" />
    <filter xpath="fn:string-length(//*[local-name()='provider']) != 0.0">
        <then>
            <!-- GET TOKEN -->
            <cache collector="false" hashGenerator="org.wso2.carbon.mediator.cache.digest.DOMHASHGenerator" id="simswap-token" scope="per-host" timeout="3499">
                <onCacheHit>
                    <property expression="json-eval($.Token)" name="bearerToken" scope="default" type="STRING" />
                    <sequence key="bpe-bankingengine-utilities-submit-transaction-request-in-seq" />
                </onCacheHit>
                <implementation maxSize="1000" type="memory" />
            </cache>
            <sequence key="bpe-bankingengine-utilities-get-token-seq" />
            <!-- send to umeme billpay. -->
            <sequence key="bpe-bankingengine-utilities-submit-transaction-request-in-seq" />
        </then>
        <else />
    </filter>
</sequence>