<?xml version="1.0" encoding="UTF-8"?>
<sequence name="bpe-bankingengine-utilities-send-message-queue-seq" trace="disable" xmlns="http://ws.apache.org/ns/synapse">
    <log level="custom">
        <property name="bpe-bankingengine-utilities-send-message-queue-seq" value="Uganda Umeme Billpay transaction queue request started" scope="default" type="STRING"/>
    </log>
    <log level="full"/>
    <sequence key="gov:/com/cestasoft/bankingengine/esb/services/bpe-bankingengine-utilities/v1/sequences/bpe-bankingengine-utilities-init-seq.xml"/>
    <property name="OUT_ONLY" value="true" scope="default" type="STRING"/>
    <payloadFactory media-type="json">
        <format>
            {
                "transactionReference":"$1"
            }
        </format>
        <args>
            <arg evaluator="xml" expression="$ctx:transactionReference"/>
        </args>
    </payloadFactory>
    <log level="full"/>

    <property name="rabbitmq.server.host.name" expression="$ctx:queueHost" />
    <property name="rabbitmq.server.port" expression="$ctx:queuePort" />
    <property name="rabbitmq.server.username" expression="wso2:vault-lookup('uganda.absa.rabbitmq.server.username')" />
    <property name="rabbitmq.server.password" expression="wso2:vault-lookup('uganda.absa.rabbitmq.server.password')" />
    <property name="rabbitmqUrl" expression="fn:concat('rabbitmq://AMQPConnectionFactory?rabbitmq.server.host.name=',$ctx:rabbitmq.server.host.name,'&amp;rabbitmq.server.port=',$ctx:rabbitmq.server.port, '&amp;rabbitmq.server.user.name=',$ctx:rabbitmq.server.username,'&amp;rabbitmq.server.password=',$ctx:rabbitmq.server.password,'&amp;rabbitmq.queue.name=bpe_bankingengine_utilities_outwards&amp;rabbitmq.exchange.name=bpe_bankingengine_utilities_outwards_exchange&amp;rabbitmq.exchange.autodeclare=true&amp;rabbitmq.queue.autodeclare=true')"/>

    <log level="custom">
        <property name="rabbitmqUrl" expression="get-property('rabbitmqUrl')"/>
    </log>
    <header expression="$ctx:rabbitmqUrl" name="To" scope="default"/>
    <call>
        <endpoint>
            <default/> 
        </endpoint>
    </call>
    <script language="js"><![CDATA[var message = mc.getPayloadJSON();
	        mc.setPayloadJSON(message);]]></script>
    <property name="statusCode" expression="$axis2:HTTP_SC"/>
    <filter regex="200" source="$ctx:statusCode">
        <then>
            <property name="status" scope="default" type="STRING" value="PENDING"/>
            <property name="statusMesssage" value="Your transaction is being processed" />
        </then>
        <else>
            <property expression="$body//*" name="ERROR_DETAIL" scope="default" type="STRING"/>
            
            <log level="custom">
                <property name="bpe-bankingengine-utilities-send-message-queue-seq" expression="fn:concat('SQS Failed response ', $ctx:ERROR_DETAIL)" scope="default" type="STRING"/>
            </log>
            <log level="full"/>
            <property name="status" scope="default" type="STRING" value="FAILED"/>
            <property name="statusMesssage" value="Your transaction failed to process. Please try again." />
        </else>
    </filter>
    <log level="custom">
        <property name="bpe-bankingengine-utilities-send-message-queue-seq" value="Uganda Umeme Billpay transaction queue request started" scope="default" type="STRING"/>
    </log>
</sequence>
