<?xml version="1.0" encoding="UTF-8"?>
<sequence name="bpe-bankingengine-utilities-customer-info-seq" onError="gov:/com/cestasoft/bankingengine/esb/services/bpe-bankingengine-utilities/v1/sequences/bpe-bankingengine-utilities-fault-seq.xml" trace="disable" xmlns="http://ws.apache.org/ns/synapse">
    <log level="custom">
        <property name="bpe-bankingengine-utilities-customer-info-seq" value="bpe-bankingengine-utilities customer info seq started" scope="default" type="STRING"/>
    </log>
    <enrich description="Save Uganda Umeme Billpay incomingPayload">
        <source clone="false" type="body"/>
        <target property="incomingPayload" type="property"/>
    </enrich>
    
    <filter xpath="$trp:x-country!=''">
        <then>
            <property expression="fn:lower-case($trp:x-country)" name="country" scope="default" type="STRING"/>
        </then>
        <else>
            <property expression="fn:lower-case($url:country)" name="country" scope="default" type="STRING"/>
        </else>
    </filter>
    <sequence key="gov:/com/cestasoft/bankingengine/esb/services/bpe-bankingengine-utilities/v1/sequences/bpe-bankingengine-utilities-init-seq.xml"/>
    <!-- GET TOKEN  -->
    <cache collector="false" hashGenerator="org.wso2.carbon.mediator.cache.digest.DOMHASHGenerator" id="uganda-umeme-token" scope="per-host" timeout="3499">
        <onCacheHit>
            <property expression="json-eval($.Token)" name="bearerToken" scope="default" type="STRING"/>
            <enrich description="Restore Uganda Umeme Billpay Payload">
                <source clone="false" property="incomingPayload" type="property"/>
                <target type="body"/>
            </enrich>
            <sequence key="bpe-bankingengine-utilities-customer-info-in-flow-seq"/>
        </onCacheHit>
        <implementation maxSize="1000" type="memory"/>
    </cache>
    <sequence key="bpe-bankingengine-utilities-get-token-seq"/>
    <sequence key="bpe-bankingengine-utilities-customer-info-in-flow-seq"/>
</sequence>
