<?xml version="1.0" encoding="UTF-8"?>
<!-- configuration file with all country specific variables -->
<root>
    <config name="uganda">
        <environments>
            <environment name="uat">
                <umeme_base_url>https://22.68.27.25:8243</umeme_base_url>
                <umeme_collection_center>X224</umeme_collection_center>
                <external_systems_token>eyJ0eXAiOiJKV1QiLCJhbGciOiJIUzI1NiJ9.eyJzdWIiOiJjZXN0YXNvZnQudW1lbWUuYWJzYS5hZnJpY2EiLCJuYW1lIjoiTmd1bmkgUGhha2VsYSIsImFkbWluIjp0cnVlLCJpYXQiOjE3MzM3NDYyNDEsImV4cCI6MzM0MjQwMTQzMn0.mdjIage40BYMrhfMGHeKhy-n0klC002-OFfSe2qn2XM</external_systems_token>
                <forgotpw_token>RXlTQmlYdW9oUkwwSlNBdUdmaG9ESXc4UEVrYTptRWZEOUNSWnF3M244NGNvV3hjY0ZiU1VFaXNh</forgotpw_token>
                <vendor_id>201222</vendor_id>
                <username>absabank</username>
                <scope>token_public token_private</scope>
                <prepaid_password>a1b2c3</prepaid_password>
                <postpaid_password>a1b2c3</postpaid_password>
                <outbound>
                    <base_url>http://22.68.25.138:8145</base_url>
                    <username>AbsaUg</username>
                    <password>@bsa#</password>
                    <tenant>default</tenant>
                </outbound>
            </environment>
            <environment name="prod">
                <umeme_base_url>https://22.68.27.24:8243</umeme_base_url>
            	<umeme_collection_center>2224</umeme_collection_center>
                <external_systems_token>eyJ0eXAiOiJKV1QiLCJhbGciOiJIUzI1NiJ9.eyJzdWIiOiJjZXN0YXNvZnQudW1lbWUuYWJzYS5hZnJpY2EiLCJuYW1lIjoiTmd1bmkgUGhha2VsYSIsImFkbWluIjp0cnVlLCJpYXQiOjE3MzM3NDYyNDEsImV4cCI6MzM0MjQwMTQzMn0.mdjIage40BYMrhfMGHeKhy-n0klC002-OFfSe2qn2XM</external_systems_token>
            	<forgotpw_token>ODJyRHF0QnoxVXZHRWhsdU5FODRyTDNUNkNzYTpFanhDVUdsZE4wUHhRRUs5cjRNMjc5cWlxMkVh</forgotpw_token>
                <vendor_id>101222</vendor_id>
                <username>absabank</username>
                <scope>token_public token_private</scope>
                <prepaid_password>RsBesJBT</prepaid_password>
                <postpaid_password>ZTruy8392jRLoL</postpaid_password>
                <outbound>
                    <base_url>http://xxx:8145</base_url>
                    <username>xxx</username>
                    <password>xxx</password>
                    <tenant>xxx</tenant>
                </outbound>
            </environment>
        </environments>
    </config>
</root>