<?xml version="1.0" encoding="UTF-8"?><artifacts>
    <artifact name="bpe-bankingengine-utilities-init-seq" groupId="com.cestasoft.bankingengine.resource" version="1.0.0" type="registry/resource" serverRole="EnterpriseIntegrator">
        <item>
            <file>sequences/bpe-bankingengine-utilities-init-seq.xml</file>
            <path>/_system/governance/com/cestasoft/bankingengine/esb/services/bpe-bankingengine-utilities/v1/sequences</path>
            <mediaType>application/xml</mediaType>
        </item>
    </artifact>
    <artifact name="bpe-bankingengine-utilities-fault-seq" groupId="com.cestasoft.bankingengine.resource" version="1.0.0" type="registry/resource" serverRole="EnterpriseIntegrator">
        <item>
            <file>sequences/bpe-bankingengine-utilities-fault-seq.xml</file>
            <path>/_system/governance/com/cestasoft/bankingengine/esb/services/bpe-bankingengine-utilities/v1/sequences</path>
            <mediaType>application/xml</mediaType>
        </item>
    </artifact>
    <artifact name="bpe-bankingengine-utilities-configs" groupId="com.cestasoft.bankingengine.resource" version="1.0.0" type="registry/resource" serverRole="EnterpriseIntegrator">
        <item>
            <file>configs/bpe-bankingengine-utilities-configs.xml</file>
            <path>/_system/config/com/cestasoft/bankingengine/services/commons/v1/configs</path>
            <mediaType>application/xml</mediaType>
        </item>
    </artifact>
    <artifact name="bpe-bankingengine-utilities-sqs-configs" groupId="com.cestasoft.bankingengine.resource" version="1.0.0" type="registry/resource" serverRole="EnterpriseIntegrator">
        <item>
            <file>configs/bpe-bankingengine-utilities-sqs-configs.xml</file>
            <path>/_system/config/com/cestasoft/bankingengine/services/commons/v1/configs</path>
            <mediaType>application/xml</mediaType>
        </item>
    </artifact>
</artifacts>