<?xml version="1.0" encoding="UTF-8"?>
<con:soapui-project id="ba74c644-16c9-4402-bd26-84af55a69343" activeEnvironment="Default" name="zee-pay" resourceRoot="" soapui-version="5.7.2" abortOnError="false" runType="SEQUENTIAL" xmlns:con="http://eviware.com/soapui/config"><con:settings/><con:interface xsi:type="con:WsdlInterface" id="41cbd74c-1a58-4bc8-96fc-c3bc2b97fc6b" wsaVersion="NONE" name="ZeePay" type="wsdl" bindingName="{https://zee-pay.com/zeepay_v2/bankservice?wsdl}ZeePay" soapVersion="1_1" anonymous="optional" definition="https://zee-pay.com/zeepay_v2/bankservice?wsdl" xmlns:xsi="http://www.w3.org/2001/XMLSchema-instance"><con:settings/><con:definitionCache type="TEXT" rootPart="https://zee-pay.com/zeepay_v2/bankservice?wsdl"><con:part><con:url>https://zee-pay.com/zeepay_v2/bankservice?wsdl</con:url><con:content><![CDATA[<definitions targetNamespace="https://zee-pay.com/zeepay_v2/bankservice?wsdl" xmlns:SOAP-ENV="http://schemas.xmlsoap.org/soap/envelope/" xmlns:xsd="http://www.w3.org/2001/XMLSchema" xmlns:xsi="http://www.w3.org/2001/XMLSchema-instance" xmlns:SOAP-ENC="http://schemas.xmlsoap.org/soap/encoding/" xmlns:tns="https://zee-pay.com/zeepay_v2/bankservice?wsdl" xmlns:soap="http://schemas.xmlsoap.org/wsdl/soap/" xmlns:wsdl="http://schemas.xmlsoap.org/wsdl/" xmlns:s="http://www.w3.org/2001/XMLSchema" xmlns="http://schemas.xmlsoap.org/wsdl/">
  <wsdl:types>
    <s:schema elementFormDefault="qualified" targetNamespace="https://zee-pay.com/zeepay_v2/bankservice?wsdl">
      <s:element name="ValidateRequest">
        <s:complexType>
          <s:sequence>
            <s:element minOccurs="0" maxOccurs="1" name="BankCode" type="s:string"/>
            <s:element minOccurs="0" maxOccurs="1" name="ReferenceNo" type="s:string"/>
            <s:element minOccurs="0" maxOccurs="1" name="RequestState" type="s:string"/>
            <s:element minOccurs="0" maxOccurs="1" name="RequestSignature" type="s:string"/>
            <s:element minOccurs="0" maxOccurs="1" name="RequestDigest" type="s:string"/>
          </s:sequence>
        </s:complexType>
      </s:element>
      <s:element name="ValidateRequestResponse">
        <s:complexType>
          <s:sequence>
            <s:element minOccurs="0" maxOccurs="1" name="ValidateRequestResult" type="tns:ValidateResponse"/>
          </s:sequence>
        </s:complexType>
      </s:element>
      <s:complexType name="ValidateResponse">
        <s:sequence>
          <s:element minOccurs="0" maxOccurs="1" name="ResponseStatus" type="s:string"/>
          <s:element minOccurs="0" maxOccurs="1" name="ReferenceNo" type="s:string"/>
          <s:element minOccurs="0" maxOccurs="1" name="SerialNo" type="s:string"/>
          <s:element minOccurs="0" maxOccurs="1" name="EntityCode" type="s:string"/>
          <s:element minOccurs="0" maxOccurs="1" name="EntityName" type="s:string"/>
          <s:element minOccurs="0" maxOccurs="1" name="Amount" type="s:string"/>
          <s:element minOccurs="0" maxOccurs="1" name="AccountCode" type="s:string"/>
          <s:element minOccurs="0" maxOccurs="1" name="AuthToken" type="s:string"/>
          <s:element minOccurs="0" maxOccurs="1" name="AuthTokenSignature" type="s:string"/>
        </s:sequence>
      </s:complexType>
      <s:element name="CommitRequest">
        <s:complexType>
          <s:sequence>
            <s:element minOccurs="0" maxOccurs="1" name="ReferenceNo" type="s:string"/>
            <s:element minOccurs="0" maxOccurs="1" name="SerialNo" type="s:string"/>
            <s:element minOccurs="0" maxOccurs="1" name="RequestState" type="s:string"/>
            <s:element minOccurs="0" maxOccurs="1" name="AuthToken" type="s:string"/>
            <s:element minOccurs="0" maxOccurs="1" name="AccountCode" type="s:string"/>
            <s:element minOccurs="0" maxOccurs="1" name="TransactionId" type="s:string"/>
            <s:element minOccurs="0" maxOccurs="1" name="Amount" type="s:string"/>
            <s:element minOccurs="0" maxOccurs="1" name="Branch" type="s:string"/>
            <s:element minOccurs="0" maxOccurs="1" name="Teller" type="s:string"/>
            <s:element minOccurs="0" maxOccurs="1" name="PaymentType" type="s:string"/>
            <s:element minOccurs="0" maxOccurs="1" name="ValueDate" type="s:string"/>
          </s:sequence>
        </s:complexType>
      </s:element>
      <s:element name="CommitRequestResponse">
        <s:complexType>
          <s:sequence>
            <s:element minOccurs="0" maxOccurs="1" name="CommitRequestResponseResult" type="tns:CommitResp"/>
          </s:sequence>
        </s:complexType>
      </s:element>
      <s:complexType name="CommitResp">
        <s:sequence>
          <s:element minOccurs="0" maxOccurs="1" name="ResponseStatus" type="s:string"/>
          <s:element minOccurs="0" maxOccurs="1" name="ReferenceNo" type="s:string"/>
          <s:element minOccurs="0" maxOccurs="1" name="SerialNo" type="s:string"/>
          <s:element minOccurs="0" maxOccurs="1" name="TransactionId" type="s:string"/>
          <s:element minOccurs="0" maxOccurs="1" name="ZeePayReceiptNo" type="s:string"/>
        </s:sequence>
      </s:complexType>
      <s:element name="CheckStatusRequest">
        <s:complexType>
          <s:sequence>
            <s:element minOccurs="0" maxOccurs="1" name="BankCode" type="s:string"/>
            <s:element minOccurs="0" maxOccurs="1" name="ReferenceNo" type="s:string"/>
            <s:element minOccurs="0" maxOccurs="1" name="SerialNo" type="s:string"/>
            <s:element minOccurs="0" maxOccurs="1" name="RequestState" type="s:string"/>
            <s:element minOccurs="0" maxOccurs="1" name="AccountCode" type="s:string"/>
            <s:element minOccurs="0" maxOccurs="1" name="TransactionId" type="s:string"/>
            <s:element minOccurs="0" maxOccurs="1" name="Amount" type="s:string"/>
            <s:element minOccurs="0" maxOccurs="1" name="StatusReqSignature" type="s:string"/>
          </s:sequence>
        </s:complexType>
      </s:element>
      <s:element name="CheckStatusRequestResponse">
        <s:complexType>
          <s:sequence>
            <s:element minOccurs="0" maxOccurs="1" name="CheckStatusRequestResponseResult" type="tns:CheckStatusResp"/>
          </s:sequence>
        </s:complexType>
      </s:element>
      <s:complexType name="CheckStatusResp">
        <s:sequence>
          <s:element minOccurs="0" maxOccurs="1" name="ResponseStatus" type="s:string"/>
          <s:element minOccurs="0" maxOccurs="1" name="Response" type="s:string"/>
          <s:element minOccurs="0" maxOccurs="1" name="ReferenceNo" type="s:string"/>
          <s:element minOccurs="0" maxOccurs="1" name="SerialNo" type="s:string"/>
          <s:element minOccurs="0" maxOccurs="1" name="TransactionId" type="s:string"/>
          <s:element minOccurs="0" maxOccurs="1" name="Amount" type="s:string"/>
          <s:element minOccurs="0" maxOccurs="1" name="PaymentType" type="s:string"/>
          <s:element minOccurs="0" maxOccurs="1" name="Branch" type="s:string"/>
          <s:element minOccurs="0" maxOccurs="1" name="Teller" type="s:string"/>
          <s:element minOccurs="0" maxOccurs="1" name="EntityCode" type="s:string"/>
          <s:element minOccurs="0" maxOccurs="1" name="EntityName" type="s:string"/>
          <s:element minOccurs="0" maxOccurs="1" name="ZeePayReceiptDate" type="s:string"/>
          <s:element minOccurs="0" maxOccurs="1" name="ZeePayReceiptNo" type="s:string"/>
        </s:sequence>
      </s:complexType>
    </s:schema>
  </wsdl:types>
  <wsdl:message name="ValidateRequestSoapIn">
    <wsdl:part name="parameters" element="tns:ValidateRequest"/>
  </wsdl:message>
  <wsdl:message name="ValidateRequestSoapOut">
    <wsdl:part name="parameters" element="tns:ValidateRequestResponse"/>
  </wsdl:message>
  <wsdl:message name="CommitRequestSoapIn">
    <wsdl:part name="parameters" element="tns:CommitRequest"/>
  </wsdl:message>
  <wsdl:message name="CommitRequestSoapOut">
    <wsdl:part name="parameters" element="tns:CommitRequestResponse"/>
  </wsdl:message>
  <wsdl:message name="CheckStatusRequestSoapIn">
    <wsdl:part name="parameters" element="tns:CheckStatusRequest"/>
  </wsdl:message>
  <wsdl:message name="CheckStatusRequestSoapOut">
    <wsdl:part name="parameters" element="tns:CheckStatusRequestResponse"/>
  </wsdl:message>
  <wsdl:portType name="ZeePay">
    <wsdl:operation name="ValidateRequest">
      <wsdl:input message="tns:ValidateRequestSoapIn"/>
      <wsdl:output message="tns:ValidateRequestSoapOut"/>
    </wsdl:operation>
    <wsdl:operation name="CommitRequest">
      <wsdl:input message="tns:CommitRequestSoapIn"/>
      <wsdl:output message="tns:CommitRequestSoapOut"/>
    </wsdl:operation>
    <wsdl:operation name="CheckStatusRequest">
      <wsdl:input message="tns:CheckStatusRequestSoapIn"/>
      <wsdl:output message="tns:CheckStatusRequestSoapOut"/>
    </wsdl:operation>
  </wsdl:portType>
  <wsdl:binding name="ZeePay" type="tns:ZeePay">
    <soap:binding transport="http://schemas.xmlsoap.org/soap/http"/>
    <wsdl:operation name="ValidateRequest">
      <soap:operation soapAction="https://zee-pay.com/zeepay_v2/bankservice/ValidateRequest" style="document"/>
      <wsdl:input>
        <soap:body use="literal"/>
      </wsdl:input>
      <wsdl:output>
        <soap:body use="literal"/>
      </wsdl:output>
    </wsdl:operation>
    <wsdl:operation name="CommitRequest">
      <soap:operation soapAction="https://zee-pay.com/zeepay_v2/bankservice/CommitRequest" style="document"/>
      <wsdl:input>
        <soap:body use="literal"/>
      </wsdl:input>
      <wsdl:output>
        <soap:body use="literal"/>
      </wsdl:output>
    </wsdl:operation>
    <wsdl:operation name="CheckStatusRequest">
      <soap:operation soapAction="https://zee-pay.com/zeepay_v2/bankservice/CheckStatusRequest" style="document"/>
      <wsdl:input>
        <soap:body use="literal"/>
      </wsdl:input>
      <wsdl:output>
        <soap:body use="literal"/>
      </wsdl:output>
    </wsdl:operation>
  </wsdl:binding>
  <wsdl:service name="EPayment">
    <wsdl:port name="ZeePay" binding="tns:ZeePay">
      <soap:address location="https://zee-pay.com/zeepay_v2/bankservice"/>
    </wsdl:port>
  </wsdl:service>
</definitions>]]></con:content><con:type>http://schemas.xmlsoap.org/wsdl/</con:type></con:part></con:definitionCache><con:endpoints><con:endpoint>https://zee-pay.com/zeepay_v2/bankservice</con:endpoint></con:endpoints><con:operation id="cb9975fc-4c19-4307-93d9-e62f51a65629" isOneWay="false" action="https://zee-pay.com/zeepay_v2/bankservice/CheckStatusRequest" name="CheckStatusRequest" bindingOperationName="CheckStatusRequest" type="Request-Response" inputName="" receivesAttachments="false" sendsAttachments="false" anonymous="optional"><con:settings/><con:call id="c4615690-26b1-4097-bc66-6b95bf517246" name="Request 1"><con:settings/><con:encoding>UTF-8</con:encoding><con:endpoint>https://zee-pay.com/zeepay_v2/bankservice</con:endpoint><con:request><![CDATA[<soapenv:Envelope xmlns:soapenv="http://schemas.xmlsoap.org/soap/envelope/" xmlns:ban="https://zee-pay.com/zeepay_v2/bankservice?wsdl">
   <soapenv:Header/>
   <soapenv:Body>
      <ban:CheckStatusRequest>
         <!--Optional:-->
         <ban:BankCode>?</ban:BankCode>
         <!--Optional:-->
         <ban:ReferenceNo>?</ban:ReferenceNo>
         <!--Optional:-->
         <ban:SerialNo>?</ban:SerialNo>
         <!--Optional:-->
         <ban:RequestState>?</ban:RequestState>
         <!--Optional:-->
         <ban:AccountCode>?</ban:AccountCode>
         <!--Optional:-->
         <ban:TransactionId>?</ban:TransactionId>
         <!--Optional:-->
         <ban:Amount>?</ban:Amount>
         <!--Optional:-->
         <ban:StatusReqSignature>?</ban:StatusReqSignature>
      </ban:CheckStatusRequest>
   </soapenv:Body>
</soapenv:Envelope>]]></con:request><con:wsaConfig mustUnderstand="NONE" version="200508" action="https://zee-pay.com/zeepay_v2/bankservice/CheckStatusRequest"/></con:call></con:operation><con:operation id="e6c12cf2-89a7-444b-86c7-f641a2483dba" isOneWay="false" action="https://zee-pay.com/zeepay_v2/bankservice/CommitRequest" name="CommitRequest" bindingOperationName="CommitRequest" type="Request-Response" inputName="" receivesAttachments="false" sendsAttachments="false" anonymous="optional"><con:settings/><con:call id="8ac994f7-6508-4824-bce8-ad03642d2166" name="Request 1"><con:settings/><con:encoding>UTF-8</con:encoding><con:endpoint>https://zee-pay.com/zeepay_v2/bankservice</con:endpoint><con:request><![CDATA[<soapenv:Envelope xmlns:soapenv="http://schemas.xmlsoap.org/soap/envelope/" xmlns:ban="https://zee-pay.com/zeepay_v2/bankservice?wsdl">
   <soapenv:Header/>
   <soapenv:Body>
      <ban:CommitRequest>
         <!--Optional:-->
         <ban:ReferenceNo>?</ban:ReferenceNo>
         <!--Optional:-->
         <ban:SerialNo>?</ban:SerialNo>
         <!--Optional:-->
         <ban:RequestState>?</ban:RequestState>
         <!--Optional:-->
         <ban:AuthToken>?</ban:AuthToken>
         <!--Optional:-->
         <ban:AccountCode>?</ban:AccountCode>
         <!--Optional:-->
         <ban:TransactionId>?</ban:TransactionId>
         <!--Optional:-->
         <ban:Amount>?</ban:Amount>
         <!--Optional:-->
         <ban:Branch>?</ban:Branch>
         <!--Optional:-->
         <ban:Teller>?</ban:Teller>
         <!--Optional:-->
         <ban:PaymentType>?</ban:PaymentType>
         <!--Optional:-->
         <ban:ValueDate>?</ban:ValueDate>
      </ban:CommitRequest>
   </soapenv:Body>
</soapenv:Envelope>]]></con:request><con:wsaConfig mustUnderstand="NONE" version="200508" action="https://zee-pay.com/zeepay_v2/bankservice/CommitRequest"/></con:call></con:operation><con:operation id="af9cf6f9-9ee2-4ed3-8867-3fff7dc77c22" isOneWay="false" action="https://zee-pay.com/zeepay_v2/bankservice/ValidateRequest" name="ValidateRequest" bindingOperationName="ValidateRequest" type="Request-Response" inputName="" receivesAttachments="false" sendsAttachments="false" anonymous="optional"><con:settings/><con:call id="2ed5f936-9dcc-40ad-8d01-8655e4eb57bb" name="Request 1"><con:settings><con:setting id="com.eviware.soapui.impl.wsdl.WsdlRequest@request-headers">&lt;xml-fragment/></con:setting></con:settings><con:encoding>UTF-8</con:encoding><con:endpoint>https://zee-pay.com/zeepay_v2/bankservice</con:endpoint><con:request><![CDATA[<soapenv:Envelope xmlns:soapenv="http://schemas.xmlsoap.org/soap/envelope/" xmlns:ban="https://zee-pay.com/zeepay_v2/bankservice?wsdl">
   <soapenv:Header/>
   <soapenv:Body>
      <ban:ValidateRequest>
         <!--Optional:-->
         <ban:BankCode>?</ban:BankCode>
         <!--Optional:-->
         <ban:ReferenceNo>?</ban:ReferenceNo>
         <!--Optional:-->
         <ban:RequestState>?</ban:RequestState>
         <!--Optional:-->
         <ban:RequestSignature>?</ban:RequestSignature>
         <!--Optional:-->
         <ban:RequestDigest>?</ban:RequestDigest>
      </ban:ValidateRequest>
   </soapenv:Body>
</soapenv:Envelope>]]></con:request><con:credentials><con:authType>No Authorization</con:authType></con:credentials><con:jmsConfig JMSDeliveryMode="PERSISTENT"/><con:jmsPropertyConfig/><con:wsaConfig mustUnderstand="NONE" version="200508" action="https://zee-pay.com/zeepay_v2/bankservice/ValidateRequest"/><con:wsrmConfig version="1.2"/></con:call></con:operation></con:interface><con:properties/><con:wssContainer/><con:oAuth2ProfileContainer/><con:oAuth1ProfileContainer/></con:soapui-project>