<?xml version="1.0" encoding="UTF-8"?>
<task class="org.apache.synapse.startup.tasks.MessageInjector" group="synapse.simple.quartz" name="bpe-bankingengine-utilities-retry-timeout-task" xmlns="http://ws.apache.org/ns/synapse">
    <trigger interval="30"/>
    <property name="injectTo" value="sequence" xmlns:task="http://www.wso2.org/products/wso2commons/tasks"/>
    <property name="sequenceName" value="bpe-bankingengine-utilities-vend-timeout-retry-seq" xmlns:task="http://www.wso2.org/products/wso2commons/tasks"/>
    <property name="message" xmlns:task="http://www.wso2.org/products/wso2commons/tasks">
        <request xmlns="">
            <operation>Retry task for any transactions that are in timeout status cron job</operation>
        </request>
    </property>
</task>