<?xml version="1.0" encoding="UTF-8"?>
<sequence name="bpe-bankingengine-utilities-init-seq" onError="gov:/com/cestasoft/bankingengine/esb/services/bpe-bankingengine-utilities/v1/sequences/bpe-bankingengine-utilities-fault-seq.xml" trace="disable" xmlns="http://ws.apache.org/ns/synapse">
    <property expression="json-eval($)" name="requestData" scope="default" type="STRING"/>
    <log level="custom">
        <property expression="$ctx:requestData" name="requestData"/>
    </log>
    <property name="country" scope="default" type="STRING" value="uganda"/>
    <!-- <property expression="wso2:vault-lookup('deployment.env')" name="deploymentenv" scope="default" type="STRING"/> -->
    <property value="uat" name="deploymentenv" scope="default" type="STRING"/>
    <property expression="get-property('registry','conf:/com/cestasoft/bankingengine/services/commons/v1/configs/bpe-bankingengine-utilities-configs.xml')" name="properties" scope="default" type="OM"/>
    <property expression="$ctx:properties//config[@name=$ctx:country]" name="countryProperties" scope="default" type="OM"/>
    <log level="custom">
        <property expression="$ctx:country" name="country"/>
        <property expression="$ctx:deploymentenv" name="deploymentenv"/>
    </log>
    <property expression="$ctx:countryProperties/environments" name="environments" scope="default" type="OM"/>
    <property expression="$ctx:environments//environment[@name=$ctx:deploymentenv]" name="envProperties" scope="default" type="OM"/>
    <property expression="$ctx:envProperties/umeme_base_url" name="umemeBaseUrl" scope="default" type="STRING"/>
    <property expression="$ctx:envProperties/umeme_collection_center" name="umemeCollectionCenter" scope="default" type="STRING"/>
    <!-- <property expression="wso2:vault-lookup('uganda.umeme.billpay.auth.vendorid')" name="vendorId" scope="default" type="STRING"/>
    <property expression="wso2:vault-lookup('uganda.umeme.billpay.auth.username')" name="username" scope="default" type="STRING"/>
    <property expression="wso2:vault-lookup('uganda.umeme.billpay.auth.password')" name="password" scope="default" type="STRING"/> -->

    <property expression="$ctx:envProperties/vendor_id" name="vendorId" scope="default" type="STRING"/>
    <property expression="$ctx:envProperties/username" name="username" scope="default" type="STRING"/>
    <property expression="$ctx:envProperties/prepaid_password" name="password" scope="default" type="STRING"/>
    <property expression="$ctx:envProperties/umeme_collection_center" name="umemeCollectionCenter" scope="default" type="STRING"/>
    <property expression="$ctx:envProperties/scope" name="scope" scope="default" type="STRING"/>
    <property expression="$ctx:envProperties/postpaid_password" name="postpaidPassword" scope="default" type="STRING"/>

    <!-- <property
                expression="wso2:vault-lookup('uganda.umeme.billpay.auth.postpaid.collectioncenter')"
                name="umemeCollectionCenter" scope="default" type="STRING"/>
            <property
                expression="wso2:vault-lookup('uganda.umeme.billpay.auth.postpaid.scope')"
                name="scope" scope="default" type="STRING"/>
            <property
                expression="wso2:vault-lookup('uganda.umeme.billpay.auth.postpaid.password')"
                name="password" scope="default" type="STRING"/> -->


    <log level="custom">
        <property expression="fn:concat('vendorId: ',$ctx:vendorId)" name="bpe-bankingengine-utilities-init-seq"/>
        <property expression="fn:concat('username: ',$ctx:username)" name="bpe-bankingengine-utilities-init-seq"/>
        <property expression="fn:concat('password: ',$ctx:password)" name="bpe-bankingengine-utilities-init-seq"/>
        <property expression="fn:concat('umemeBaseUrl: ',$ctx:umemeBaseUrl)" name="bpe-bankingengine-utilities-init-seq"/>
    </log>
    <log level="custom">
        <property expression="fn:concat('properties set for country: ',$ctx:country)" name="bpe-bankingengine-utilities-init-seq"/>
    </log>
</sequence>