<?xml version="1.0" encoding="UTF-8"?>
<sequence name="bpe-bankingengine-utilities-fault-seq" trace="disable" xmlns="http://ws.apache.org/ns/synapse">
    <!-- Use this sequence to build your fault handling -->
    <log category="ERROR" level="full"/>
    <switch source="$axis2:HTTP_SC">
        <case regex="401|400|403">
            <property name="serviceErrorCode" scope="default" type="STRING" value="2"/>
            <property value="INVALID VENDOR CREDENTIALS" name="serviceErrorMessage" scope="default" type="STRING"/>
        </case>
        <case regex="404">
            <property name="serviceErrorCode" scope="default" type="STRING" value="2"/>
            <property name="serviceErrorMessage" scope="default" type="STRING" value="Endpoint not found"/>
        </case>
        <case regex="500">
            <property name="serviceErrorCode" scope="default" type="STRING" value="10"/>
            <property value="GENERAL ERROR AT UMEME" name="serviceErrorMessage" scope="default" type="STRING"/>
        </case>
        <default>
            <property name="serviceErrorCode" scope="default" type="STRING" value="10"/>
            <property value="GENERAL ERROR AT UMEME" name="serviceErrorMessage" scope="default" type="STRING"/>
        </default>
    </switch>
    <log level="full"/>
    <payloadFactory media-type="json">
        <format>
            {
                "statusCode": "$1",
                "statusMessage": "$2",
                "data": {
                    "statusCode": "$3",
                    "statusDescription": "$4"
                }
            }
        </format>
        <args>
            <arg evaluator="xml" value="200"/>
            <arg evaluator="xml" value="success"/>
            <arg evaluator="xml" expression="$ctx:serviceErrorCode"/>
            <arg evaluator="xml" expression="$ctx:serviceErrorMessage"/>
        </args>
    </payloadFactory>
    <respond/>
</sequence>
